-- MySQL dump 10.13  Distrib 8.0.43, for Win64 (x86_64)
--
-- Host: localhost    Database: zapata
-- ------------------------------------------------------
-- Server version	8.0.43

/*!40101 SET @OLD_CHARACTER_SET_CLIENT=@@CHARACTER_SET_CLIENT */;
/*!40101 SET @OLD_CHARACTER_SET_RESULTS=@@CHARACTER_SET_RESULTS */;
/*!40101 SET @OLD_COLLATION_CONNECTION=@@COLLATION_CONNECTION */;
/*!50503 SET NAMES utf8mb4 */;
/*!40103 SET @OLD_TIME_ZONE=@@TIME_ZONE */;
/*!40103 SET TIME_ZONE='+00:00' */;
/*!40014 SET @OLD_UNIQUE_CHECKS=@@UNIQUE_CHECKS, UNIQUE_CHECKS=0 */;
/*!40014 SET @OLD_FOREIGN_KEY_CHECKS=@@FOREIGN_KEY_CHECKS, FOREIGN_KEY_CHECKS=0 */;
/*!40101 SET @OLD_SQL_MODE=@@SQL_MODE, SQL_MODE='NO_AUTO_VALUE_ON_ZERO' */;
/*!40111 SET @OLD_SQL_NOTES=@@SQL_NOTES, SQL_NOTES=0 */;

--
-- Current Database: `zapata`
--

CREATE DATABASE /*!32312 IF NOT EXISTS*/ `zapata` /*!40100 DEFAULT CHARACTER SET utf8mb4 COLLATE utf8mb4_0900_ai_ci */ /*!80016 DEFAULT ENCRYPTION='N' */;

USE `zapata`;

--
-- Table structure for table `clientes`
--

DROP TABLE IF EXISTS `clientes`;
/*!40101 SET @saved_cs_client     = @@character_set_client */;
/*!50503 SET character_set_client = utf8mb4 */;
CREATE TABLE `clientes` (
  `cliente_id` int unsigned NOT NULL AUTO_INCREMENT,
  `nombre` varchar(30) NOT NULL,
  `apellido1` varchar(30) NOT NULL,
  `apellido2` varchar(30) NOT NULL,
  `fecha_nacimiento` date NOT NULL,
  `id_direccion` int unsigned NOT NULL,
  `telefono` char(10) NOT NULL,
  `sexo` enum('F','M') NOT NULL,
  `email` varchar(100) NOT NULL,
  PRIMARY KEY (`cliente_id`),
  UNIQUE KEY `email` (`email`),
  KEY `id_direccion` (`id_direccion`),
  CONSTRAINT `clientes_ibfk_1` FOREIGN KEY (`id_direccion`) REFERENCES `direcciones` (`id_direccion`) ON DELETE CASCADE ON UPDATE CASCADE
) ENGINE=InnoDB AUTO_INCREMENT=299 DEFAULT CHARSET=utf8mb4 COLLATE=utf8mb4_0900_ai_ci;
/*!40101 SET character_set_client = @saved_cs_client */;

--
-- Dumping data for table `clientes`
--

LOCK TABLES `clientes` WRITE;
/*!40000 ALTER TABLE `clientes` DISABLE KEYS */;
INSERT INTO `clientes` VALUES (1,'Iván','Ruiz','Reyes','1996-06-27',3,'5539437567','M','ivan.ruiz2959@gmail.com'),(2,'Roberto','Chávez','Pérez','1997-10-16',4,'5522209708','M','roberto.chavez6931@gmail.com'),(3,'Patricia','Domínguez','Morales','1987-05-17',5,'5561539598','F','patricia.dominguez1611@gmail.com'),(4,'Claudia','Hernández','Delgado','2003-04-10',6,'5502453591','F','claudia.hernandez3574@gmail.com'),(5,'Margarita','Cruz','Jiménez','1998-07-01',7,'5532615560','F','margarita.cruz5438@gmail.com'),(6,'Leticia','Hernández','García','1958-02-05',8,'5524639223','F','leticia.hernandez4406@gmail.com'),(7,'Andrés','Gómez','Castillo','1964-09-25',9,'5501396111','M','andres.gomez7760@gmail.com'),(8,'Juan','Soto','Aguilar','1959-10-24',10,'5505699710','M','juan.soto7892@gmail.com'),(9,'Guadalupe','Flores','García','1974-05-29',11,'5578499806','F','guadalupe.flores4549@gmail.com'),(10,'Sofía','Medina','Vázquez','1991-07-18',12,'5533682904','F','sofia.medina1073@gmail.com'),(11,'Luz','Morales','Silva','1993-06-04',13,'5504304648','F','luz.morales5891@gmail.com'),(12,'Enrique','Herrera','Romero','1953-01-06',14,'5558265079','M','enrique.herrera624@gmail.com'),(13,'Teresa','Gómez','Cruz','1974-02-11',15,'5585566979','F','teresa.gomez1582@gmail.com'),(14,'Adriana','Mendoza','Domínguez','1969-10-20',16,'5539964869','F','adriana.mendoza3742@gmail.com'),(15,'Andrea','Juárez','Pérez','1954-05-23',17,'5585464323','F','andrea.juarez9890@gmail.com'),(16,'Miguel','Vázquez','Pérez','1980-09-11',18,'5560120075','M','miguel.vazquez7896@gmail.com'),(17,'Raúl','Flores','Vázquez','1982-10-29',19,'5558794594','M','raul.flores433@gmail.com'),(18,'Teresa','Vargas','Chávez','1990-09-17',20,'5574616585','F','teresa.vargas538@gmail.com'),(19,'Raúl','Silva','Moreno','1973-09-29',21,'5541117485','M','raul.silva6426@gmail.com'),(20,'Miguel','García','Romero','1988-08-15',22,'5512685131','M','miguel.garcia7275@gmail.com'),(21,'Alejandra','Martínez','Torres','1977-01-30',23,'5513982128','F','alejandra.martinez9191@gmail.com'),(22,'Fernando','Mendoza','Romero','1975-01-06',24,'5533144982','M','fernando.mendoza4764@gmail.com'),(23,'Hugo','Rodríguez','Soto','1976-11-10',25,'5506962667','M','hugo.rodriguez8260@gmail.com'),(24,'Teresa','Vargas','Moreno','1990-09-06',26,'5532791727','F','teresa.vargas9155@gmail.com'),(25,'Enrique','Ramos','Herrera','2000-02-28',27,'5593962433','M','enrique.ramos6677@gmail.com'),(26,'Fernando','Díaz','Álvarez','1981-10-17',28,'5514151030','M','fernando.diaz1141@gmail.com'),(27,'Valeria','González','Pérez','1993-03-14',29,'5503810649','F','valeria.gonzalez8989@gmail.com'),(28,'Andrea','Hernández','Herrera','1983-06-07',30,'5508989441','F','andrea.hernandez2630@gmail.com'),(29,'Juan','González','Juárez','1966-10-08',31,'5529557836','M','juan.gonzalez7506@gmail.com'),(30,'Iván','Cruz','Hernández','1969-09-08',32,'5547405521','M','ivan.cruz3068@gmail.com'),(31,'Jorge','Medina','Chávez','1976-11-09',33,'5578942980','M','jorge.medina7781@gmail.com'),(32,'Fernanda','Vargas','Ramírez','1963-03-27',34,'5509100477','F','fernanda.vargas425@gmail.com'),(33,'Margarita','Gómez','Vázquez','1988-08-20',35,'5569554036','F','margarita.gomez8312@gmail.com'),(34,'Óscar','Ramírez','Romero','1991-03-28',36,'5553858913','M','oscar.ramirez8878@gmail.com'),(35,'Fernando','Ortiz','Gómez','1977-10-07',37,'5501280343','M','fernando.ortiz4475@gmail.com'),(36,'Pedro','Torres','Domínguez','1956-08-11',38,'5578422489','M','pedro.torres7912@gmail.com'),(37,'Sandra','Reyes','Vargas','2001-12-25',39,'5576299541','F','sandra.reyes7652@gmail.com'),(38,'Daniela','Ramírez','Hernández','2000-05-07',40,'5511600230','F','daniela.ramirez7715@gmail.com'),(39,'Emilio','Vázquez','Pérez','1954-02-07',41,'5537601667','M','emilio.vazquez9886@gmail.com'),(40,'Paola','Castillo','Aguilar','1998-08-11',42,'5557089467','F','paola.castillo5233@gmail.com'),(41,'Eduardo','Ortiz','Sánchez','1957-05-24',43,'5576230243','M','eduardo.ortiz585@gmail.com'),(42,'Valeria','Pérez','Martínez','1988-11-09',44,'5533762766','F','valeria.perez5910@gmail.com'),(43,'Sofía','Torres','Martínez','1998-01-11',45,'5548692724','F','sofia.torres357@gmail.com'),(44,'Arturo','Herrera','Vázquez','2005-06-01',46,'5588776373','M','arturo.herrera870@gmail.com'),(45,'Teresa','Cruz','Reyes','1975-10-03',47,'5505747185','F','teresa.cruz1101@gmail.com'),(46,'Margarita','Álvarez','Medina','1983-01-31',48,'5507723708','F','margarita.alvarez6019@gmail.com'),(47,'Norma','Herrera','Juárez','1952-08-10',49,'5533695161','F','norma.herrera5903@gmail.com'),(48,'Laura','Jiménez','Domínguez','1958-05-05',50,'5564130037','F','laura.jimenez2367@gmail.com'),(49,'Araceli','Jiménez','Pérez','1994-02-22',51,'5577007476','F','araceli.jimenez5699@gmail.com'),(50,'Eduardo','Castillo','Mendoza','1979-11-05',52,'5502638960','M','eduardo.castillo460@gmail.com'),(51,'Verónica','Morales','Delgado','1959-10-22',53,'5532549028','F','veronica.morales7324@gmail.com'),(52,'Mónica','Vázquez','Medina','1983-12-14',54,'5589915021','F','monica.vazquez4644@gmail.com'),(53,'Ana','Torres','Flores','1963-12-23',55,'5598986863','F','ana.torres5796@gmail.com'),(54,'Leticia','Sánchez','Mendoza','1987-09-09',56,'5532805808','F','leticia.sanchez8058@gmail.com'),(55,'Alejandra','Torres','Hernández','1976-08-14',57,'5590212413','F','alejandra.torres8894@gmail.com'),(56,'Rubén','Ortiz','Domínguez','1978-01-05',58,'5578316158','M','ruben.ortiz3195@gmail.com'),(57,'Jorge','Torres','Ortiz','1989-04-21',59,'5541596380','M','jorge.torres5736@gmail.com'),(58,'Ana','Delgado','Ramos','2005-09-17',60,'5516346498','F','ana.delgado5997@gmail.com'),(59,'Norma','Ruiz','Reyes','1973-06-28',61,'5519075352','F','norma.ruiz3640@gmail.com'),(60,'Alejandro','Reyes','Vázquez','1977-01-22',62,'5516668244','M','alejandro.reyes8867@gmail.com'),(61,'Fernanda','Álvarez','Silva','1981-03-10',63,'5505762622','F','fernanda.alvarez6341@gmail.com'),(62,'Valeria','Rodríguez','Mendoza','1995-06-05',64,'5530410308','F','valeria.rodriguez8325@gmail.com'),(63,'Marco','Muñoz','Aguilar','1956-03-07',65,'5508244546','M','marco.munoz3423@gmail.com'),(64,'Raúl','García','Sánchez','1964-03-27',66,'5506058565','M','raul.garcia3066@gmail.com'),(65,'Enrique','Ortiz','García','1966-06-27',67,'5508198862','M','enrique.ortiz5976@gmail.com'),(66,'Francisco','Flores','Domínguez','1989-10-06',68,'5500262417','M','francisco.flores3953@gmail.com'),(67,'Fernanda','Vargas','Ortiz','2002-09-09',69,'5593307172','F','fernanda.vargas1456@gmail.com'),(68,'Andrés','Jiménez','Domínguez','1990-04-08',70,'5528015907','M','andres.jimenez1338@gmail.com'),(69,'Liliana','Mendoza','Hernández','1990-09-26',71,'5558869381','F','liliana.mendoza8426@gmail.com'),(70,'Daniela','Cruz','Sánchez','2000-06-15',72,'5583772185','F','daniela.cruz1792@gmail.com'),(71,'Jesús','Flores','Silva','1983-04-23',73,'5535569949','M','jesus.flores9043@gmail.com'),(72,'Juan','Pérez','Álvarez','1994-04-15',74,'5501942640','M','juan.perez8675@gmail.com'),(73,'Diego','Hernández','Soto','1998-02-11',75,'5565080490','M','diego.hernandez560@gmail.com'),(74,'Esteban','Ruiz','Torres','1975-04-08',76,'5573759434','M','esteban.ruiz4707@gmail.com'),(75,'Gabriela','Díaz','López','1996-12-26',77,'5550568503','F','gabriela.diaz4279@gmail.com'),(76,'Juan','Moreno','Rodríguez','1982-07-18',78,'5531347703','M','juan.moreno8547@gmail.com'),(77,'Hugo','Gómez','Domínguez','1969-05-09',79,'5594686959','M','hugo.gomez3548@gmail.com'),(78,'Alejandro','Chávez','Ramos','1983-08-27',80,'5574309436','M','alejandro.chavez9536@gmail.com'),(79,'Héctor','Cruz','Medina','1950-03-20',81,'5554498344','M','hector.cruz703@gmail.com'),(80,'Fernanda','Hernández','García','1975-01-05',82,'5564620623','F','fernanda.hernandez7994@gmail.com'),(81,'Óscar','Castillo','Delgado','1983-10-25',83,'5559169297','M','oscar.castillo999@gmail.com'),(82,'Héctor','Aguilar','Ortiz','1987-12-09',84,'5588478600','M','hector.aguilar3116@gmail.com'),(83,'Eduardo','Silva','Mendoza','1965-07-08',85,'5571963815','M','eduardo.silva9263@gmail.com'),(84,'Iván','Torres','Muñoz','1977-01-08',86,'5536341425','M','ivan.torres8872@gmail.com'),(85,'Sandra','López','Chávez','1996-12-15',87,'5599808247','F','sandra.lopez5067@gmail.com'),(86,'Juana','Martínez','Aguilar','1998-02-14',88,'5579369399','F','juana.martinez1694@gmail.com'),(87,'María','Aguilar','Mendoza','1969-10-24',89,'5597113023','F','maria.aguilar7334@gmail.com'),(88,'Carmen','Herrera','Ortiz','1950-12-23',90,'5523253179','F','carmen.herrera8855@gmail.com'),(89,'Juan','Cruz','Morales','1985-08-27',91,'5575380905','M','juan.cruz2881@gmail.com'),(90,'Héctor','Reyes','Silva','1964-11-03',92,'5566873039','M','hector.reyes7762@gmail.com'),(91,'Silvia','Ruiz','Sánchez','1952-11-09',93,'5551312411','F','silvia.ruiz4117@gmail.com'),(92,'Norma','Vázquez','Vargas','1962-09-17',94,'5528706848','F','norma.vazquez8278@gmail.com'),(93,'Pedro','Ruiz','Soto','1963-04-04',95,'5566383261','M','pedro.ruiz473@gmail.com'),(94,'Luis','Morales','Pérez','1981-03-18',96,'5598396546','M','luis.morales1358@gmail.com'),(95,'Sofía','Moreno','Medina','1970-10-23',97,'5583803713','F','sofia.moreno9688@gmail.com'),(96,'Luis','González','Chávez','1972-12-13',98,'5543185439','M','luis.gonzalez6946@gmail.com'),(97,'Iván','Morales','Ramírez','1988-04-11',99,'5504878757','M','ivan.morales2462@gmail.com'),(98,'Yolanda','Moreno','Morales','1961-11-26',100,'5589987872','F','yolanda.moreno2009@gmail.com'),(99,'Liliana','López','Vázquez','1955-04-30',101,'5537881659','F','liliana.lopez7649@gmail.com'),(100,'Iván','Moreno','Medina','1975-02-09',102,'5551258484','M','ivan.moreno7937@gmail.com'),(101,'Raúl','Flores','Vázquez','2003-06-20',103,'5540464539','M','raul.flores2222@gmail.com'),(102,'Héctor','Torres','Morales','1968-09-06',104,'5500311910','M','hector.torres6486@gmail.com'),(103,'Noelia','Domínguez','Rodríguez','1981-06-04',105,'5511241537','F','noelia.dominguez2381@gmail.com'),(104,'Teresa','Álvarez','Ruiz','1961-03-25',106,'5552818044','F','teresa.alvarez5333@gmail.com'),(105,'Fernanda','Aguilar','Hernández','1953-07-19',107,'5579749391','F','fernanda.aguilar6656@gmail.com'),(106,'Enrique','Ruiz','Reyes','1983-10-12',108,'5501857905','M','enrique.ruiz1768@gmail.com'),(107,'Jorge','González','Domínguez','1957-05-17',109,'5506658815','M','jorge.gonzalez1317@gmail.com'),(108,'Emilio','Ortiz','Moreno','1975-12-07',110,'5592654120','M','emilio.ortiz2828@gmail.com'),(109,'Enrique','Soto','Hernández','2001-02-27',111,'5509052121','M','enrique.soto9528@gmail.com'),(110,'Juan','Ramos','Delgado','1954-02-06',112,'5532810018','M','juan.ramos4518@gmail.com'),(111,'Alejandro','Muñoz','Ruiz','1960-08-29',113,'5508815950','M','alejandro.munoz4025@gmail.com'),(112,'Alejandro','Romero','Álvarez','1952-05-29',114,'5523315564','M','alejandro.romero6423@gmail.com'),(113,'Esteban','Pérez','Aguilar','1952-09-14',115,'5521226458','M','esteban.perez4649@gmail.com'),(114,'Patricia','Romero','Torres','1980-01-14',116,'5581627518','F','patricia.romero3733@gmail.com'),(115,'Arturo','Sánchez','Álvarez','1959-02-13',117,'5522861872','M','arturo.sanchez3074@gmail.com'),(116,'Araceli','Vargas','Ruiz','1995-06-07',118,'5578865864','F','araceli.vargas5340@gmail.com'),(117,'Esteban','Delgado','Herrera','1973-03-09',119,'5567659704','M','esteban.delgado6737@gmail.com'),(118,'Mónica','Silva','Ruiz','1990-10-02',120,'5581870347','F','monica.silva7771@gmail.com'),(119,'Silvia','Silva','García','1957-09-21',121,'5574809289','F','silvia.silva5402@gmail.com'),(120,'Daniela','Gómez','Moreno','1990-03-18',122,'5525243647','F','daniela.gomez9891@gmail.com'),(121,'Jesús','Silva','Soto','1971-07-01',123,'5540065297','M','jesus.silva1291@gmail.com'),(122,'Araceli','Medina','Cruz','1976-07-22',124,'5531620162','F','araceli.medina3946@gmail.com'),(123,'Armando','Flores','Rodríguez','1995-01-14',125,'5566730791','M','armando.flores3120@gmail.com'),(124,'Manuel','Díaz','Martínez','1977-08-19',126,'5512573881','M','manuel.diaz4533@gmail.com'),(125,'Gabriela','Torres','Reyes','1986-12-04',127,'5583412906','F','gabriela.torres7764@gmail.com'),(126,'Laura','Vázquez','Torres','1952-02-18',128,'5513854209','F','laura.vazquez7307@gmail.com'),(127,'Sandra','Morales','González','1962-10-25',129,'5562021346','F','sandra.morales2191@gmail.com'),(128,'Gabriela','Álvarez','Morales','1959-12-17',130,'5519132758','F','gabriela.alvarez8618@gmail.com'),(129,'Fátima','Juárez','Jiménez','1953-10-11',131,'5564955585','F','fatima.juarez6183@gmail.com'),(130,'Pablo','Morales','Silva','1975-08-23',132,'5510746645','M','pablo.morales6507@gmail.com'),(131,'Pedro','Hernández','Ruiz','1972-04-09',133,'5577378050','M','pedro.hernandez8437@gmail.com'),(132,'Armando','Herrera','Díaz','1979-10-22',134,'5522448359','M','armando.herrera6854@gmail.com'),(133,'Liliana','Jiménez','Sánchez','1990-01-29',135,'5573911673','F','liliana.jimenez2450@gmail.com'),(134,'Juan','Medina','Ortiz','1997-08-14',136,'5551485791','M','juan.medina6894@gmail.com'),(135,'Mónica','Reyes','Soto','1980-12-19',137,'5551777416','F','monica.reyes5500@gmail.com'),(136,'Sofía','Medina','Cruz','1952-04-14',138,'5584915841','F','sofia.medina6130@gmail.com'),(137,'Raúl','González','Rodríguez','1955-06-18',139,'5592599206','M','raul.gonzalez1488@gmail.com'),(138,'Alberto','Ruiz','Ortiz','2002-08-15',140,'5524477134','M','alberto.ruiz3157@gmail.com'),(139,'Manuel','Pérez','Medina','1961-05-27',141,'5507555342','M','manuel.perez5592@gmail.com'),(140,'Armando','Cruz','Vargas','1971-05-13',142,'5538692732','M','armando.cruz3237@gmail.com'),(141,'Daniela','Castillo','Silva','1954-10-16',143,'5596615666','F','daniela.castillo5666@gmail.com'),(142,'Iván','Sánchez','Soto','1972-04-19',144,'5563470109','M','ivan.sanchez4738@gmail.com'),(143,'Andrés','Juárez','Pérez','1958-12-14',145,'5565947396','M','andres.juarez2378@gmail.com'),(144,'Beatriz','Vargas','Reyes','1967-09-01',146,'5577737558','F','beatriz.vargas8678@gmail.com'),(145,'Rebeca','Ramos','Vázquez','1995-12-05',147,'5507087836','F','rebeca.ramos6773@gmail.com'),(146,'Norma','González','Reyes','1994-06-18',148,'5538523660','F','norma.gonzalez9840@gmail.com'),(147,'Alberto','Aguilar','Jiménez','1997-03-29',149,'5570454031','M','alberto.aguilar7748@gmail.com'),(148,'Fernanda','Pérez','Juárez','1989-06-08',150,'5537358890','F','fernanda.perez1646@gmail.com'),(149,'Alberto','Juárez','Sánchez','1965-04-19',151,'5588286751','M','alberto.juarez8300@gmail.com'),(150,'Diego','Mendoza','Cruz','1994-02-11',152,'5539394570','M','diego.mendoza465@gmail.com'),(151,'Sofía','Cruz','Torres','1984-03-18',153,'5533732888','F','sofia.cruz7958@gmail.com'),(152,'Rubén','Morales','Hernández','1957-11-15',154,'5536640469','M','ruben.morales8290@gmail.com'),(153,'Enrique','Herrera','García','1994-08-26',155,'5556318070','M','enrique.herrera244@gmail.com'),(154,'Beatriz','Ruiz','Ramírez','1977-02-21',156,'5576849694','F','beatriz.ruiz3675@gmail.com'),(155,'Alberto','Medina','Díaz','1982-12-26',157,'5539998666','M','alberto.medina9556@gmail.com'),(156,'Luz','Delgado','Jiménez','1995-10-03',158,'5518093086','F','luz.delgado9038@gmail.com'),(157,'Emilio','Romero','Silva','1999-08-26',159,'5535023724','M','emilio.romero7415@gmail.com'),(158,'Diego','Muñoz','Ramos','1981-01-25',160,'5593781317','M','diego.munoz9985@gmail.com'),(159,'Valeria','Muñoz','Vargas','1987-03-20',161,'5593598759','F','valeria.munoz887@gmail.com'),(160,'Alejandro','Medina','Reyes','1972-01-03',162,'5569154223','M','alejandro.medina1234@gmail.com'),(161,'Norma','Muñoz','Medina','1972-07-26',163,'5588695575','F','norma.munoz1980@gmail.com'),(162,'José','Reyes','Herrera','1984-02-26',164,'5592507698','M','jose.reyes7860@gmail.com'),(163,'Verónica','González','Reyes','1973-05-30',165,'5561164999','F','veronica.gonzalez5568@gmail.com'),(164,'Iván','López','Vázquez','1987-10-16',166,'5549620773','M','ivan.lopez9139@gmail.com'),(165,'Guadalupe','Vargas','Cruz','1970-08-11',167,'5554952271','F','guadalupe.vargas9986@gmail.com'),(166,'Carolina','Reyes','Torres','1974-10-11',168,'5568985061','F','carolina.reyes7138@gmail.com'),(167,'Héctor','Domínguez','Ortiz','1973-02-20',169,'5508473141','M','hector.dominguez289@gmail.com'),(168,'Luz','Vargas','Herrera','1991-02-11',170,'5578341927','F','luz.vargas5102@gmail.com'),(169,'Mónica','Ramírez','Reyes','1980-11-29',171,'5537889375','F','monica.ramirez460@gmail.com'),(170,'Guadalupe','Mendoza','Ruiz','1981-09-18',172,'5565246472','F','guadalupe.mendoza7118@gmail.com'),(171,'Antonio','Hernández','Juárez','1964-04-25',173,'5543292983','M','antonio.hernandez6530@gmail.com'),(172,'José','Ortiz','Herrera','1963-05-27',174,'5547627678','M','jose.ortiz8252@gmail.com'),(173,'Sofía','Juárez','Castillo','1974-03-31',175,'5571075869','F','sofia.juarez1129@gmail.com'),(174,'Laura','Ortiz','Castillo','1995-08-24',176,'5563706425','F','laura.ortiz4235@gmail.com'),(175,'Rebeca','Díaz','Romero','1993-04-08',177,'5553949164','F','rebeca.diaz6773@gmail.com'),(176,'Iván','Juárez','Hernández','1957-12-02',178,'5564133823','M','ivan.juarez4760@gmail.com'),(177,'Iván','Sánchez','Domínguez','1998-03-08',179,'5571927179','M','ivan.sanchez4182@gmail.com'),(178,'Carlos','Soto','González','1990-03-01',180,'5589824346','M','carlos.soto8207@gmail.com'),(179,'Diego','García','Martínez','2005-12-24',181,'5580653436','M','diego.garcia6425@gmail.com'),(180,'Pablo','González','Juárez','1958-03-06',182,'5502051630','M','pablo.gonzalez7044@gmail.com'),(181,'Andrea','González','Vázquez','1970-01-25',183,'5538747326','F','andrea.gonzalez7838@gmail.com'),(182,'Beatriz','Jiménez','Álvarez','1956-07-03',184,'5581929436','F','beatriz.jimenez3743@gmail.com'),(183,'Diego','Martínez','Mendoza','1965-06-20',185,'5530373983','M','diego.martinez2191@gmail.com'),(184,'Andrés','Domínguez','Ortiz','2005-04-29',186,'5563791482','M','andres.dominguez3401@gmail.com'),(185,'Alejandra','Hernández','Díaz','1954-11-26',187,'5534104846','F','alejandra.hernandez8767@gmail.com'),(186,'María','Moreno','Soto','1992-06-29',188,'5555501693','F','maria.moreno9106@gmail.com'),(187,'Alejandra','Moreno','Domínguez','1987-04-26',189,'5554552250','F','alejandra.moreno3354@gmail.com'),(188,'Eduardo','González','Aguilar','1980-11-26',190,'5518296230','M','eduardo.gonzalez3169@gmail.com'),(189,'Diego','López','Silva','1979-04-18',191,'5540167726','M','diego.lopez872@gmail.com'),(190,'Adriana','Moreno','Ortiz','1966-11-04',192,'5521276511','F','adriana.moreno2864@gmail.com'),(191,'María','García','Aguilar','1956-02-08',193,'5555237821','F','maria.garcia5453@gmail.com'),(192,'Rebeca','Ortiz','Romero','1973-09-28',194,'5532542223','F','rebeca.ortiz1315@gmail.com'),(193,'José','Soto','Chávez','1961-06-30',195,'5568319556','M','jose.soto2480@gmail.com'),(194,'Leticia','Ramos','Ramírez','1977-03-01',196,'5574598062','F','leticia.ramos121@gmail.com'),(195,'Beatriz','Rodríguez','Aguilar','1956-12-26',197,'5555912370','F','beatriz.rodriguez9386@gmail.com'),(196,'Verónica','Aguilar','Mendoza','1950-12-22',198,'5519517483','F','veronica.aguilar4211@gmail.com'),(197,'Antonio','Torres','Sánchez','1966-06-17',199,'5500155442','M','antonio.torres4779@gmail.com'),(198,'Noelia','Herrera','Medina','2001-12-29',200,'5595345075','F','noelia.herrera608@gmail.com'),(199,'Arturo','Aguilar','Herrera','1994-04-07',201,'5551736672','M','arturo.aguilar5810@gmail.com'),(200,'Roberto','Moreno','Chávez','1950-11-09',202,'5549531048','M','roberto.moreno5777@gmail.com'),(201,'Ricardo','Sánchez','Soto','1950-11-24',203,'5578710519','M','ricardo.sanchez6811@gmail.com'),(202,'Yolanda','Hernández','Soto','1974-05-13',204,'5518205277','F','yolanda.hernandez6924@gmail.com'),(203,'Raúl','Soto','López','1972-06-06',205,'5535000077','M','raul.soto8313@gmail.com'),(204,'Araceli','Medina','Hernández','1991-04-24',206,'5513490689','F','araceli.medina3814@gmail.com'),(205,'Mónica','López','Vázquez','1967-01-21',207,'5527831144','F','monica.lopez1134@gmail.com'),(206,'Eduardo','Ramírez','Martínez','1950-10-26',208,'5576974225','M','eduardo.ramirez6051@gmail.com'),(207,'Roberto','Martínez','Sánchez','1976-08-09',209,'5571780759','M','roberto.martinez7660@gmail.com'),(208,'Antonio','González','Chávez','2000-05-12',210,'5534406616','M','antonio.gonzalez2783@gmail.com'),(209,'Fátima','González','Herrera','1954-10-02',211,'5546181755','F','fatima.gonzalez6962@gmail.com'),(210,'Noelia','Ortiz','Vargas','1983-01-23',212,'5578316926','F','noelia.ortiz8009@gmail.com'),(211,'Óscar','García','Vázquez','1956-07-03',213,'5558032444','M','oscar.garcia9335@gmail.com'),(212,'Sergio','Jiménez','Flores','1989-07-16',214,'5510345692','M','sergio.jimenez5385@gmail.com'),(213,'Fernando','Soto','Martínez','1987-06-22',215,'5582708356','M','fernando.soto6591@gmail.com'),(214,'Gabriela','Ruiz','Romero','1983-12-17',216,'5571749658','F','gabriela.ruiz2275@gmail.com'),(215,'Araceli','Díaz','Ramírez','1984-11-02',217,'5505601349','F','araceli.diaz4162@gmail.com'),(216,'María','Ortiz','Martínez','1973-04-10',218,'5581630525','F','maria.ortiz9080@gmail.com'),(217,'Mauricio','Ramos','Domínguez','1976-04-18',219,'5520855583','M','mauricio.ramos2898@gmail.com'),(218,'Óscar','Silva','Romero','1967-11-24',220,'5519169949','M','oscar.silva4719@gmail.com'),(219,'Iván','Álvarez','Ortiz','1980-03-01',221,'5561522885','M','ivan.alvarez460@gmail.com'),(220,'Patricia','Silva','Soto','2004-04-14',222,'5543630745','F','patricia.silva6884@gmail.com'),(221,'Yolanda','Mendoza','González','1953-05-19',223,'5583578781','F','yolanda.mendoza8657@gmail.com'),(222,'Carolina','Medina','Flores','1961-05-18',224,'5563103585','F','carolina.medina5771@gmail.com'),(223,'Juan','Mendoza','Aguilar','1961-10-07',225,'5558238787','M','juan.mendoza9060@gmail.com'),(224,'Yolanda','Romero','Morales','1966-07-21',226,'5554440122','F','yolanda.romero6911@gmail.com'),(225,'Mónica','Jiménez','González','1963-07-02',227,'5541836359','F','monica.jimenez3945@gmail.com'),(226,'Beatriz','Cruz','Juárez','1970-08-01',228,'5551041412','F','beatriz.cruz6928@gmail.com'),(227,'Esteban','Díaz','Ramírez','1985-12-06',229,'5505502233','M','esteban.diaz7113@gmail.com'),(228,'Juana','Reyes','Álvarez','1988-10-08',230,'5562224911','F','juana.reyes8166@gmail.com'),(229,'Mauricio','Silva','Jiménez','1971-04-01',231,'5563319833','M','mauricio.silva3608@gmail.com'),(230,'Carlos','Domínguez','Chávez','1991-07-07',232,'5554951548','M','carlos.dominguez6772@gmail.com'),(231,'Andrea','Pérez','Juárez','1972-07-15',233,'5538029364','F','andrea.perez7152@gmail.com'),(232,'Teresa','Moreno','Delgado','1973-09-10',234,'5556768757','F','teresa.moreno2350@gmail.com'),(233,'Guadalupe','Delgado','Pérez','1989-03-20',235,'5512438894','F','guadalupe.delgado2228@gmail.com'),(234,'Roberto','Chávez','Ortiz','1968-02-21',236,'5585768000','M','roberto.chavez1899@gmail.com'),(235,'Marco','López','Domínguez','1986-05-29',237,'5511039271','M','marco.lopez8790@gmail.com'),(236,'Fernando','Martínez','Torres','1991-02-12',238,'5573045845','M','fernando.martinez184@gmail.com'),(237,'Luz','Vázquez','Cruz','2004-10-06',239,'5543102473','F','luz.vazquez5647@gmail.com'),(238,'Diego','Vargas','Hernández','1978-07-08',240,'5503027820','M','diego.vargas2001@gmail.com'),(239,'Fernando','Castillo','Domínguez','1973-12-05',241,'5531411962','M','fernando.castillo1656@gmail.com'),(240,'Sergio','García','Chávez','1962-06-03',242,'5597890848','M','sergio.garcia9593@gmail.com'),(241,'Araceli','Romero','Hernández','1966-02-25',243,'5592230184','F','araceli.romero8640@gmail.com'),(242,'Rubén','Vargas','Domínguez','1956-06-20',244,'5567780307','M','ruben.vargas9993@gmail.com'),(243,'Rafael','Jiménez','Moreno','2004-09-24',245,'5599247911','M','rafael.jimenez489@gmail.com'),(244,'Arturo','Cruz','Díaz','1976-10-17',246,'5581994436','M','arturo.cruz8314@gmail.com'),(245,'Mauricio','Medina','Castillo','1957-10-03',247,'5572201463','M','mauricio.medina9462@gmail.com'),(246,'Rafael','Morales','Hernández','1970-02-18',248,'5547684438','M','rafael.morales279@gmail.com'),(247,'Claudia','Morales','Ramos','1979-07-24',249,'5545624755','F','claudia.morales7620@gmail.com'),(248,'Verónica','Sánchez','Álvarez','1960-02-27',250,'5529314246','F','veronica.sanchez181@gmail.com'),(249,'Ana','López','Juárez','1956-09-17',251,'5516743146','F','ana.lopez6384@gmail.com'),(250,'Iván','Morales','García','1980-04-21',252,'5568450585','M','ivan.morales227@gmail.com'),(251,'Ana','Jiménez','Hernández','1980-08-19',253,'5583777452','F','ana.jimenez2964@gmail.com'),(252,'Gabriela','Torres','Sánchez','1991-06-18',254,'5588711063','F','gabriela.torres5978@gmail.com'),(253,'Claudia','Vargas','Morales','1959-04-11',255,'5511216311','F','claudia.vargas2836@gmail.com'),(254,'Rafael','Álvarez','Torres','1970-07-22',256,'5511921949','M','rafael.alvarez7971@gmail.com'),(255,'Rafael','Mendoza','Medina','1977-09-08',257,'5523202702','M','rafael.mendoza9807@gmail.com'),(256,'Iván','García','Mendoza','1977-11-22',258,'5580828123','M','ivan.garcia9773@gmail.com'),(257,'Rosa','Romero','Sánchez','1997-03-09',259,'5553743121','F','rosa.romero1259@gmail.com'),(258,'Andrés','Juárez','González','1983-06-14',260,'5531011519','M','andres.juarez4335@gmail.com'),(259,'Ana','Gómez','Flores','1985-10-20',261,'5590831696','F','ana.gomez4961@gmail.com'),(260,'Sofía','Domínguez','Díaz','1981-06-14',262,'5530764172','F','sofia.dominguez4975@gmail.com'),(261,'Pedro','Domínguez','Soto','1997-08-22',263,'5568445428','M','pedro.dominguez6787@gmail.com'),(262,'Juana','Pérez','Reyes','1970-02-10',264,'5515449311','F','juana.perez1973@gmail.com'),(263,'Yolanda','Muñoz','Gómez','1956-03-29',265,'5554474632','F','yolanda.munoz9513@gmail.com'),(264,'Leticia','Ruiz','Castillo','2001-11-14',266,'5569995438','F','leticia.ruiz7821@gmail.com'),(265,'Manuel','García','Díaz','1959-03-31',267,'5538069012','M','manuel.garcia1268@gmail.com'),(266,'Lorena','Vargas','Muñoz','1999-02-23',268,'5566722249','F','lorena.vargas2666@gmail.com'),(267,'Verónica','García','Morales','1999-06-12',269,'5540569874','F','veronica.garcia6865@gmail.com'),(268,'Jesús','Ramírez','Ruiz','1969-12-25',270,'5581789311','M','jesus.ramirez3881@gmail.com'),(269,'Fátima','Domínguez','Ortiz','2003-06-19',271,'5503223871','F','fatima.dominguez3443@gmail.com'),(270,'Leticia','Aguilar','Torres','1969-03-17',272,'5507539365','F','leticia.aguilar6230@gmail.com'),(271,'Margarita','Romero','Hernández','1994-05-21',273,'5533800938','F','margarita.romero8147@gmail.com'),(272,'José','Juárez','Sánchez','1954-04-04',274,'5592024036','M','jose.juarez177@gmail.com'),(273,'Emilio','Torres','Ruiz','1960-12-07',275,'5500015003','M','emilio.torres2759@gmail.com'),(274,'Adriana','Álvarez','Ramos','1997-07-23',276,'5591441109','F','adriana.alvarez4629@gmail.com'),(275,'Liliana','Sánchez','Torres','1991-01-02',277,'5500391550','F','liliana.sanchez6553@gmail.com'),(276,'Alejandra','Hernández','Morales','1958-02-20',278,'5580369777','F','alejandra.hernandez3749@gmail.com'),(277,'Fátima','Aguilar','Pérez','1978-05-06',279,'5582979098','F','fatima.aguilar6616@gmail.com'),(278,'Carolina','Hernández','Álvarez','1960-01-29',280,'5512125509','F','carolina.hernandez761@gmail.com'),(279,'Noelia','Hernández','García','1991-08-24',281,'5596177168','F','noelia.hernandez6911@gmail.com'),(280,'Norma','Mendoza','Ramírez','1980-05-29',282,'5559400862','F','norma.mendoza3547@gmail.com'),(281,'Carlos','Vargas','Martínez','1985-09-14',283,'5585948812','M','carlos.vargas3105@gmail.com'),(282,'Patricia','Pérez','Soto','1992-02-28',284,'5552069308','F','patricia.perez3605@gmail.com'),(283,'Norma','Ramos','Rodríguez','1983-03-31',285,'5522046434','F','norma.ramos7441@gmail.com'),(284,'Daniela','Torres','Díaz','1966-06-23',286,'5532851584','F','daniela.torres5848@gmail.com'),(285,'Fernanda','Jiménez','García','1954-01-05',287,'5578352214','F','fernanda.jimenez7571@gmail.com'),(286,'Sergio','Domínguez','Juárez','1999-08-29',288,'5569027615','M','sergio.dominguez2634@gmail.com'),(287,'Paola','Muñoz','Mendoza','1986-07-06',289,'5535623527','F','paola.munoz889@gmail.com'),(288,'Verónica','Pérez','Herrera','1992-08-27',290,'5556742595','F','veronica.perez3154@gmail.com'),(289,'Alejandra','Ruiz','Juárez','1968-01-14',291,'5540998007','F','alejandra.ruiz7032@gmail.com'),(290,'Marco','Medina','Ruiz','1986-08-19',292,'5585284777','M','marco.medina3868@gmail.com'),(291,'Sergio','Silva','Aguilar','1972-08-29',293,'5579930916','M','sergio.silva6629@gmail.com'),(292,'Carmen','Delgado','Mendoza','1982-06-25',294,'5581120684','F','carmen.delgado9355@gmail.com'),(293,'Sofía','Aguilar','Torres','2000-11-08',295,'5507377469','F','sofia.aguilar6912@gmail.com'),(294,'Alberto','Gómez','Ortiz','1985-12-24',296,'5536416693','M','alberto.gomez3442@gmail.com'),(295,'Rafael','Vázquez','Ruiz','1951-08-31',297,'5533635880','M','rafael.vazquez8151@gmail.com'),(296,'Verónica','Ramos','Gómez','1953-10-22',298,'5542530323','F','veronica.ramos5561@gmail.com'),(297,'Alberto','Jiménez','Herrera','1984-04-30',299,'5535606890','M','alberto.jimenez704@gmail.com'),(298,'Daniela','Morales','Vargas','1968-04-26',300,'5535803786','F','daniela.morales6772@gmail.com');
/*!40000 ALTER TABLE `clientes` ENABLE KEYS */;
UNLOCK TABLES;

--
-- Table structure for table `colonias`
--

DROP TABLE IF EXISTS `colonias`;
/*!40101 SET @saved_cs_client     = @@character_set_client */;
/*!50503 SET character_set_client = utf8mb4 */;
CREATE TABLE `colonias` (
  `id_colonia` int unsigned NOT NULL AUTO_INCREMENT,
  `nombre` varchar(150) NOT NULL,
  `cp` char(5) NOT NULL,
  `clave_mun` char(5) NOT NULL,
  PRIMARY KEY (`id_colonia`),
  UNIQUE KEY `clave_mun` (`clave_mun`,`cp`,`nombre`),
  CONSTRAINT `colonias_ibfk_1` FOREIGN KEY (`clave_mun`) REFERENCES `municipios` (`clave`) ON DELETE CASCADE ON UPDATE CASCADE
) ENGINE=InnoDB AUTO_INCREMENT=1509 DEFAULT CHARSET=utf8mb4 COLLATE=utf8mb4_0900_ai_ci;
/*!40101 SET character_set_client = @saved_cs_client */;

--
-- Dumping data for table `colonias`
--

LOCK TABLES `colonias` WRITE;
/*!40000 ALTER TABLE `colonias` DISABLE KEYS */;
INSERT INTO `colonias` VALUES (258,'Centro de Azcapotzalco','02000','09002'),(821,'Los Reyes','02010','09002'),(918,'Nuevo Barrio San Rafael','02010','09002'),(1267,'San Rafael','02010','09002'),(1209,'San Marcos','02020','09002'),(1363,'Santo Tomás','02020','09002'),(350,'Del Maestro','02040','09002'),(1272,'San Sebastián','02040','09002'),(738,'Libertad','02050','09002'),(1329,'Santa María Malinalco','02050','09002'),(1373,'Sindicato Mexicano de Electricistas','02060','09002'),(1438,'Un Hogar Para Cada Trabajador','02060','09002'),(357,'Del Recreo','02070','09002'),(899,'Nextengo','02070','09002'),(276,'Clavería','02080','09002'),(1365,'Sector Naval','02080','09002'),(1097,'San Álvaro','02090','09002'),(142,'Ángel Zimbrón','02099','09002'),(422,'El Rosario','02100','09002'),(1212,'San Martín Xochinahuac','02120','09002'),(909,'Nueva El Rosario','02128','09002'),(910,'Nueva España','02129','09002'),(1403,'Tierra Nueva','02130','09002'),(1315,'Santa Inés','02140','09002'),(953,'Pasteros','02150','09002'),(1361,'Santo Domingo','02160','09002'),(1072,'Reynosa Tamaulipas','02200','09002'),(1286,'Santa Bárbara','02230','09002'),(1098,'San Andrés','02240','09002'),(1288,'Santa Catarina','02250','09002'),(572,'Industrial Vallejo','02300','09002'),(486,'Ferrería','02310','09002'),(1102,'San Andrés de las Salinas','02320','09002'),(559,'Huautla de las Salinas','02330','09002'),(1304,'Santa Cruz de las Salinas','02340','09002'),(726,'Las Salinas','02360','09002'),(1189,'San Juan Tlihuaca','02400','09002'),(1018,'Prados del Rosario','02410','09002'),(478,'Ex-Hacienda El Rosario','02420','09002'),(1032,'Providencia','02440','09002'),(1401,'Tezozomoc','02459','09002'),(696,'La Preciosa','02460','09002'),(118,'Ampliación Petrolera','02470','09002'),(979,'Petrolera','02480','09002'),(1213,'San Mateo','02490','09002'),(1440,'Unidad Cuitlahuac','02500','09002'),(390,'El Jagüey','02519','09002'),(457,'Estación Pantaco','02520','09002'),(591,'Jardín Azpeitia','02530','09002'),(1031,'Pro-Hogar','02600','09002'),(284,'Coltongo','02630','09002'),(887,'Monte Alto','02640','09002'),(1431,'Trabajadores de Hierro','02650','09002'),(464,'Euzkadi','02660','09002'),(298,'Cosmopolita','02670','09002'),(1009,'Potrero del Llano','02680','09002'),(1229,'San Miguel Amantla','02700','09002'),(1265,'San Pedro Xalpa','02710','09002'),(128,'Ampliación San Pedro Xalpa','02719','09002'),(1108,'San Antonio','02720','09002'),(1117,'San Bartolo Cahualtongo','02720','09002'),(1141,'San Francisco Tetecala','02730','09002'),(1350,'Santiago Ahuizotla','02750','09002'),(571,'Industrial San Antonio','02760','09002'),(1320,'Santa Lucía','02760','09002'),(1299,'Santa Cruz Acayucan','02770','09002'),(988,'Plenitud','02780','09002'),(1285,'Santa Apolonia','02790','09002'),(915,'Nueva Santa María','02800','09002'),(565,'Ignacio Allende','02810','09002'),(1468,'Victoria de las Democracias','02810','09002'),(1122,'San Bernabé','02830','09002'),(921,'Obrero Popular','02840','09002'),(1421,'Tlatilco','02860','09002'),(1271,'San Salvador Xochimanca','02870','09002'),(48,'Aguilera','02900','09002'),(57,'Aldana','02910','09002'),(82,'Ampliación Cosmopolita','02920','09002'),(735,'Liberación','02930','09002'),(1005,'Porvenir','02940','09002'),(348,'Del Gas','02950','09002'),(1145,'San Francisco Xocotitla','02960','09002'),(84,'Ampliación Del Gas','02970','09002'),(154,'Arenal','02980','09002'),(954,'Patrimonio Familiar','02980','09002'),(699,'La Raza','02990','09002'),(1472,'Villa Coyoacán','04000','09003'),(1289,'Santa Catarina','04010','09003'),(631,'La Concepción','04020','09003'),(1204,'San Lucas','04030','09003'),(947,'Parque San Andrés','04040','09003'),(345,'Del Carmen','04100','09003'),(1129,'San Diego Churubusco','04120','09003'),(1214,'San Mateo','04120','09003'),(221,'Campestre Churubusco','04200','09003'),(271,'Churubusco Country Club','04210','09003'),(1012,'Prado Churubusco','04230','09003'),(545,'Hermosillo','04240','09003'),(951,'Paseos de Taxqueña','04250','09003'),(1136,'San Francisco Culhuacán Barrio de La Magdalena','04260','09003'),(1137,'San Francisco Culhuacán Barrio de San Francisco','04260','09003'),(1138,'San Francisco Culhuacán Barrio de San Juan','04260','09003'),(1139,'San Francisco Culhuacán Barrio de Santa Ana','04260','09003'),(52,'Ajusco','04300','09003'),(1085,'Romero de Terreros','04310','09003'),(930,'Oxtopulco Universidad','04318','09003'),(306,'Cuadrante de San Francisco','04320','09003'),(959,'Pedregal de San Francisco','04320','09003'),(352,'Del Niño Jesús','04330','09003'),(427,'El Rosedal','04330','09003'),(822,'Los Reyes','04330','09003'),(295,'Copilco El Bajo','04340','09003'),(294,'Copilco El Alto','04360','09003'),(296,'Copilco Universidad','04360','09003'),(967,'Pedregal de Santo Domingo','04369','09003'),(172,'Atlántida','04370','09003'),(275,'Ciudad Jardín','04370','09003'),(423,'El Rosario','04380','09003'),(625,'La Candelaria','04380','09003'),(560,'Huayamilpas','04390','09003'),(908,'Nueva Díaz Ordaz','04390','09003'),(371,'Educación','04400','09003'),(980,'Petrolera Taxqueña','04410','09003'),(472,'Ex-Ejido de San Francisco Culhuacán','04420','09003'),(323,'Culhuacán CTM Sección I','04440','09003'),(324,'Culhuacán CTM Sección II','04440','09003'),(329,'Culhuacán CTM Sección V','04440','09003'),(383,'El Centinela','04450','09003'),(173,'Avante','04460','09003'),(1022,'Presidentes Ejidales 1a Sección','04470','09003'),(1023,'Presidentes Ejidales 2a Sección','04470','09003'),(322,'Culhuacán CTM CROC','04480','09003'),(325,'Culhuacán CTM Sección III','04480','09003'),(330,'Culhuacán CTM Sección VI','04480','09003'),(334,'Culhuacán CTM Sección X-A','04480','09003'),(331,'Culhuacán CTM Sección VII','04489','09003'),(321,'Culhuacán CTM Canal Nacional','04490','09003'),(328,'Culhuacán CTM Sección Piloto','04490','09003'),(599,'Jardines del Pedregal de San Ángel','04500','09003'),(1444,'Universidad Nacional Autónoma de México','04510','09003'),(686,'La Otra Banda','04519','09003'),(576,'Insurgentes Cuicuilco','04530','09003'),(965,'Pedregal de Santa Úrsula','04600','09003'),(1497,'Xotepingo','04610','09003'),(1255,'San Pablo Tepetlapa','04620','09003'),(41,'Adolfo Ruiz Cortínes','04630','09003'),(415,'El Reloj','04640','09003'),(1344,'Santa Úrsula Coapa','04650','09003'),(609,'Joyas del Pedregal','04660','09003'),(957,'Pedregal de Carrasco','04700','09003'),(926,'Olímpica','04710','09003'),(205,'Bosques de Tetlameya','04730','09003'),(230,'Cantil del Pedregal','04730','09003'),(382,'El Caracol','04739','09003'),(61,'Alianza Popular Revolucionaria','04800','09003'),(806,'Los Cedros','04800','09003'),(1016,'Prados de Coyoacán','04810','09003'),(443,'Emiliano Zapata','04815','09003'),(807,'Los Cipreses','04830','09003'),(473,'Ex-Ejido de San Pablo Tepetlapa','04840','09003'),(455,'Espartaco','04870','09003'),(594,'Jardines de Coyoacán','04890','09003'),(814,'Los Olivos','04890','09003'),(408,'El Parque de Coyoacán','04899','09003'),(326,'Culhuacán CTM Sección IX-A','04909','09003'),(327,'Culhuacán CTM Sección IX-B','04909','09003'),(332,'Culhuacán CTM Sección VIII','04909','09003'),(240,'Carmen Serdán','04910','09003'),(214,'Cafetales','04918','09003'),(446,'Emiliano Zapata Fraccionamiento Popular','04919','09003'),(811,'Los Girasoles','04920','09003'),(716,'Las Campanas','04929','09003'),(1290,'Santa Cecilia','04930','09003'),(222,'Campestre Coyoacán','04938','09003'),(333,'Culhuacán CTM Sección X','04939','09003'),(828,'Los Sauces','04940','09003'),(394,'El Mirador','04950','09003'),(1481,'Villa Quietud','04960','09003'),(544,'Haciendas de Coyoacán','04970','09003'),(474,'Ex-Ejido de Santa Úrsula Coapa','04980','09003'),(475,'Ex-Hacienda Coapa','04980','09003'),(1469,'Viejo Ejido de Santa Úrsula Coapa','04980','09003'),(307,'Cuajimalpa','05000','09004'),(1505,'Zentlapatl','05010','09004'),(746,'Loma del Padre','05020','09004'),(678,'La Manzanita','05030','09004'),(1256,'San Pedro','05030','09004'),(1254,'San Pablo Chimalpa','05050','09004'),(787,'Lomas de Vista Hermosa','05100','09004'),(292,'Cooperativa Palo Alto','05110','09004'),(529,'Granjas Palo Alto','05118','09004'),(223,'Campestre Palo Alto','05119','09004'),(204,'Bosques de las Lomas','05120','09004'),(790,'Lomas del Chamizal','05129','09004'),(1164,'San José de los Cedros','05200','09004'),(528,'Granjas Navidad','05219','09004'),(1393,'Tepetongo','05220','09004'),(386,'El Ébano','05230','09004'),(403,'El Molino','05240','09004'),(603,'Jesús del Monte','05260','09004'),(66,'Amado Nervo','05269','09004'),(838,'Manzanastitla','05270','09004'),(39,'Adolfo López Mateos','05280','09004'),(402,'El Molinito','05310','09004'),(442,'El Yaqui','05320','09004'),(88,'Ampliación el Yaqui','05330','09004'),(111,'Ampliación Memetla','05330','09004'),(770,'Lomas de Memetla','05330','09004'),(848,'Memetla','05330','09004'),(1311,'Santa Fe Cuajimalpa','05348','09004'),(745,'Locaxco','05360','09004'),(727,'Las Tinajas','05370','09004'),(781,'Lomas de San Pedro','05379','09004'),(435,'El Tianguillo','05400','09004'),(1,'1° de Mayo','05410','09004'),(1196,'San Lorenzo Acopilco','05410','09004'),(291,'Contadero','05500','09004'),(704,'La Venta','05520','09004'),(31,'Abdías García Soto','05530','09004'),(1217,'San Mateo Tlaltenango','05600','09004'),(1342,'Santa Rosa Xochiac','05610','09004'),(303,'Cruz Blanca','05700','09004'),(722,'Las Maromas','05710','09004'),(1490,'Xalpa','05730','09004'),(691,'La Pila','05750','09004'),(721,'Las Lajas','05760','09004'),(47,'Agua Bendita','05780','09004'),(150,'Aragón la Villa','07000','09005'),(1089,'Rosas del Tepeyac','07010','09005'),(1318,'Santa Isabel Tola','07010','09005'),(1392,'Tepetates','07010','09005'),(1395,'Tepeyac Insurgentes','07020','09005'),(1352,'Santiago Atzacoalco','07040','09005'),(1475,'Villa Gustavo A. Madero','07050','09005'),(6,'15 de Agosto','07058','09005'),(460,'Estanzuela','07060','09005'),(1435,'Triunfo de La República','07069','09005'),(364,'Dinamita','07070','09005'),(641,'La Cruz','07070','09005'),(843,'Martín Carrera','07070','09005'),(503,'Gabriel Hernández','07080','09005'),(93,'Ampliación Gabriel Hernández','07089','09005'),(211,'C.T.M. Atzacoalco','07090','09005'),(212,'C.T.M. El Risco','07090','09005'),(311,'Cuautepec Barrio Alto','07100','09005'),(1219,'San Miguel','07100','09005'),(1109,'San Antonio','07109','09005'),(762,'Lomas de Cuautepec','07110','09005'),(109,'Ampliación Malacates','07119','09005'),(836,'Malacates','07119','09005'),(285,'Compositores Mexicanos','07130','09005'),(434,'El Tepetatal','07130','09005'),(72,'Ampliación Arboledas','07140','09005'),(151,'Arboledas','07140','09005'),(491,'Forestal','07140','09005'),(492,'Forestal I','07140','09005'),(493,'Forestal II','07144','09005'),(666,'La Lengüeta','07144','09005'),(944,'Parque Metropolitano','07149','09005'),(614,'Juventino Rosas','07150','09005'),(630,'La Casilda','07150','09005'),(747,'Loma La Palma','07160','09005'),(519,'Graciano Sánchez','07164','09005'),(830,'Luis Donaldo Colosio','07164','09005'),(1017,'Prados de Cuautepec','07164','09005'),(1408,'Tlacaélel','07164','09005'),(934,'Palmatitla','07170','09005'),(81,'Ampliación Cocoyotes','07180','09005'),(278,'Cocoyotes','07180','09005'),(510,'General Felipe Berriozabal','07180','09005'),(24,'6 de Junio','07183','09005'),(1486,'Vista Hermosa','07187','09005'),(1418,'Tlalpexco','07188','09005'),(50,'Ahuehuetes','07189','09005'),(1448,'Valle de Madero','07190','09005'),(346,'Del Carmen','07199','09005'),(312,'Cuautepec de Madero','07200','09005'),(343,'Del Bosque','07207','09005'),(540,'Guadalupe Victoria Cuautepec','07209','09005'),(263,'Chalma de Guadalupe','07210','09005'),(80,'Ampliación Chalma de Guadalupe','07214','09005'),(243,'Castillo Chico','07220','09005'),(244,'Castillo Grande','07220','09005'),(79,'Ampliación Castillo Grande','07224','09005'),(1507,'Zona Escolar','07230','09005'),(1508,'Zona Escolar Oriente','07239','09005'),(378,'El Arbolillo','07240','09005'),(194,'Benito Juárez','07250','09005'),(76,'Ampliación Benito Juárez','07259','09005'),(1375,'Solidaridad Nacional','07268','09005'),(1063,'Residencial Acueducto de Guadalupe','07270','09005'),(36,'Acueducto de Guadalupe','07279','09005'),(604,'Jorge Negrete','07280','09005'),(689,'La Pastora','07290','09005'),(739,'Lindavista Norte','07300','09005'),(740,'Lindavista Sur','07300','09005'),(228,'Candelaria Ticomán','07310','09005'),(698,'La Purísima Ticomán','07320','09005'),(1066,'Residencial la Escalera','07320','09005'),(1334,'Santa María Ticomán','07330','09005'),(665,'La Laguna Ticomán','07340','09005'),(1167,'San José Ticomán','07340','09005'),(537,'Guadalupe Ticomán','07350','09005'),(1191,'San Juan y Guadalupe Ticomán','07350','09005'),(1269,'San Rafael Ticomán','07359','09005'),(1266,'San Pedro Zacatenco','07360','09005'),(1070,'Residencial Zacatenco','07369','09005'),(234,'Capultitlan','07370','09005'),(846,'Maximino Ávila Camacho','07380','09005'),(1409,'Tlacamaca','07380','09005'),(1091,'Salvador Díaz Mirón','07400','09005'),(611,'Juan González Romero','07410','09005'),(1476,'Villa Hermosa','07410','09005'),(384,'El Coyol','07420','09005'),(907,'Nueva Atzacoalco','07420','09005'),(354,'Del Obrero','07430','09005'),(1459,'Vasco de Quiroga','07440','09005'),(366,'DM Nacional','07450','09005'),(487,'Ferrocarrilera','07455','09005'),(734,'LI Legislatura','07456','09005'),(527,'Granjas Modernas','07460','09005'),(290,'Constitución de La República','07469','09005'),(125,'Ampliación San Juan de Aragón','07470','09005'),(1263,'San Pedro El Chico','07480','09005'),(695,'La Pradera','07500','09005'),(1011,'Pradera II Sección','07509','09005'),(1133,'San Felipe de Jesús','07510','09005'),(15,'25 de Julio','07520','09005'),(220,'Campestre Aragón','07530','09005'),(646,'La Esmeralda','07540','09005'),(1033,'Providencia','07550','09005'),(123,'Ampliación Providencia','07560','09005'),(1473,'Villa de Aragón','07570','09005'),(78,'Ampliación Casas Alemán','07580','09005'),(1029,'Progreso Nacional','07600','09005'),(1340,'Santa Rosa','07620','09005'),(1163,'San José de la Escalera','07630','09005'),(1351,'Santiago Atepetlac','07640','09005'),(122,'Ampliación Progreso Nacional','07650','09005'),(535,'Guadalupe Proletaria','07670','09005'),(96,'Ampliación Guadalupe Proletaria','07680','09005'),(911,'Nueva Industrial Vallejo','07700','09005'),(1370,'Siete Maravillas','07707','09005'),(1430,'Torres Lindavista','07708','09005'),(741,'Lindavista Vallejo I Sección','07720','09005'),(272,'Churubusco Tepeyac','07730','09005'),(888,'Montevideo','07730','09005'),(1116,'San Bartolo Atepehuacan','07730','09005'),(986,'Planetario Lindavista','07739','09005'),(1453,'Valle del Tepeyac','07740','09005'),(917,'Nueva Vallejo','07750','09005'),(743,'Lindavista Vallejo III Sección','07754','09005'),(742,'Lindavista Vallejo II Sección','07755','09005'),(832,'Magdalena de las Salinas','07760','09005'),(115,'Ampliación Panamericana','07770','09005'),(936,'Panamericana','07770','09005'),(340,'Defensores de La República','07780','09005'),(546,'Héroe de Nacozari','07780','09005'),(539,'Guadalupe Victoria','07790','09005'),(1458,'Vallejo Poniente','07790','09005'),(569,'Industrial','07800','09005'),(461,'Estrella','07810','09005'),(149,'Aragón Inguarán','07820','09005'),(1433,'Tres Estrellas','07820','09005'),(513,'Gertrudis Sánchez 1a Sección','07830','09005'),(515,'Gertrudis Sánchez 3a Sección','07838','09005'),(514,'Gertrudis Sánchez 2a Sección','07839','09005'),(26,'7 de Noviembre','07840','09005'),(536,'Guadalupe Tepeyac','07840','09005'),(197,'Bondojito','07850','09005'),(481,'Faja de Oro','07850','09005'),(89,'Ampliación Emiliano Zapata','07858','09005'),(110,'Ampliación Mártires de Río Blanco','07859','09005'),(663,'La Joyita','07860','09005'),(1377,'Tablas de San Agustín','07860','09005'),(188,'Belisario Domínguez','07869','09005'),(534,'Guadalupe Insurgentes','07870','09005'),(1457,'Vallejo','07870','09005'),(844,'Mártires de Río Blanco','07880','09005'),(444,'Emiliano Zapata','07889','09005'),(317,'Cuchilla La Joya','07890','09005'),(661,'La Joya','07890','09005'),(916,'Nueva Tenochtitlán','07890','09005'),(676,'La Malinche','07899','09005'),(316,'Cuchilla del Tesoro','07900','09005'),(1181,'San Juan de Aragón VII Sección','07910','09005'),(1180,'San Juan de Aragón VI Sección','07918','09005'),(466,'Ex Ejido San Juan de Aragón Sector 32','07919','09005'),(406,'El Olivo','07920','09005'),(1173,'San Juan de Aragón','07920','09005'),(567,'Indeco','07930','09005'),(549,'Héroes de Chapultepec','07939','09005'),(467,'Ex Ejido San Juan de Aragón Sector 33','07940','09005'),(1174,'San Juan de Aragón','07950','09005'),(468,'Ex Escuela de Tiro','07960','09005'),(485,'Fernando Casas Alemán','07960','09005'),(548,'Héroes de Cerro Prieto','07960','09005'),(1175,'San Juan de Aragón I Sección','07969','09005'),(1176,'San Juan de Aragón II Sección','07969','09005'),(1177,'San Juan de Aragón III Sección','07970','09005'),(1178,'San Juan de Aragón IV Sección','07979','09005'),(1179,'San Juan de Aragón V Sección','07979','09005'),(893,'Narciso Bassols','07980','09005'),(210,'C.T.M. Aragón','07990','09005'),(505,'Gabriel Ramos Millán Sección Bramadero','08000','09006'),(471,'Ex-Ejido de La Magdalena Mixiuhca','08010','09006'),(94,'Ampliación Gabriel Ramos Millán','08020','09006'),(506,'Gabriel Ramos Millán Sección Cuchilla','08030','09006'),(239,'Carlos Zapata Vela','08040','09006'),(45,'Agrícola Pantitlán','08100','09006'),(1467,'Viaducto Piedad','08200','09006'),(914,'Nueva Santa Anita','08210','09006'),(1257,'San Pedro','08220','09006'),(1144,'San Francisco Xicaltongo','08230','09006'),(1354,'Santiago Norte','08240','09006'),(1284,'Santa Anita','08300','09006'),(642,'La Cruz','08310','09006'),(494,'Fraccionamiento Coyuya','08320','09006'),(526,'Granjas México','08400','09006'),(313,'Cuchilla Agrícola Oriental','08420','09006'),(44,'Agrícola Oriental','08500','09006'),(419,'El Rodeo','08510','09006'),(619,'La Asunción','08600','09006'),(1503,'Zapotla','08610','09006'),(823,'Los Reyes','08620','09006'),(1220,'San Miguel','08650','09006'),(615,'Juventino Rosas','08700','09006'),(1424,'Tlazintla','08710','09006'),(507,'Gabriel Ramos Millán Sección Tlacotal','08720','09006'),(504,'Gabriel Ramos Millán','08730','09006'),(574,'INPI Picos','08760','09006'),(818,'Los Picos de Iztacalco Sección 1B','08760','09006'),(819,'Los Picos de Iztacalco Sección 2A','08760','09006'),(817,'Los Picos de Iztacalco Sección 1A','08770','09006'),(1356,'Santiago Sur','08800','09006'),(1056,'Reforma Iztaccíhuatl Norte','08810','09006'),(869,'Militar Marte','08830','09006'),(1057,'Reforma Iztaccíhuatl Sur','08840','09006'),(573,'INFONAVIT Iztacalco','08900','09006'),(1295,'Santa Cruz','08910','09006'),(602,'Jardines Tecma','08920','09006'),(218,'Campamento 2 de Octubre','08930','09006'),(620,'La Asunción','09000','09007'),(1148,'San Ignacio','09000','09007'),(1157,'San José','09000','09007'),(1205,'San Lucas','09000','09007'),(1252,'San Pablo','09000','09007'),(1258,'San Pedro','09000','09007'),(1287,'Santa Bárbara','09000','09007'),(1055,'Real del Moral','09010','09007'),(370,'Dr. Alfonso Ortiz Tirado','09020','09007'),(950,'Paseos de Churubusco','09030','09007'),(247,'Central de Abasto','09040','09007'),(453,'Escuadrón 201','09060','09007'),(1366,'Sector Popular','09060','09007'),(523,'Granjas de San Antonio','09070','09007'),(213,'Cacama','09080','09007'),(1442,'Unidad Modelo','09089','09007'),(550,'Héroes de Churubusco','09090','09007'),(854,'Mexicaltzingo','09099','09007'),(610,'Juan Escutia','09100','09007'),(1203,'San Lorenzo Xicotencatl','09130','09007'),(1338,'Santa Martha Acatitla Norte','09140','09007'),(450,'Ermita Zaragoza','09180','09007'),(1443,'Unidad Vicente Guerrero','09200','09007'),(270,'Chinampac de Juárez','09208','09007'),(1061,'Renovación','09209','09007'),(1389,'Tepalcates','09210','09007'),(1441,'Unidad Ejército Constitucionalista','09220','09007'),(64,'Álvaro Obregón','09230','09007'),(373,'Ejército de Oriente','09230','09007'),(407,'El Paraíso','09230','09007'),(606,'José María Morelos y Pavón','09230','09007'),(374,'Ejército de Oriente Zona Peñón','09239','09007'),(1026,'Progresista','09240','09007'),(700,'La Regadera','09250','09007'),(289,'Constitución de 1917','09260','09007'),(283,'Colonial Iztapalapa','09270','09007'),(584,'Jacarandas','09280','09007'),(1305,'Santa Cruz Meyehualco','09290','09007'),(532,'Guadalupe del Moral','09300','09007'),(731,'Leyes de Reforma 1a Sección','09310','09007'),(732,'Leyes de Reforma 2a Sección','09310','09007'),(733,'Leyes de Reforma 3a Sección','09310','09007'),(315,'Cuchilla del Moral','09319','09007'),(1369,'Sideral','09320','09007'),(54,'Albarrada','09350','09007'),(465,'Eva Sámano de López Mateos','09359','09007'),(127,'Ampliación San Miguel','09360','09007'),(1221,'San Miguel','09360','09007'),(431,'El Sifón','09400','09007'),(1193,'San Juanico Nextipac','09400','09007'),(38,'Aculco','09410','09007'),(593,'Jardines de Churubusco','09410','09007'),(831,'Magdalena Atlazolpa','09410','09007'),(1161,'San José Aculco','09410','09007'),(820,'Los Picos VI-B','09420','09007'),(913,'Nueva Rosita','09420','09007'),(1043,'Purísima Atlazolpa','09429','09007'),(146,'Apatlaco','09430','09007'),(439,'El Triunfo','09430','09007'),(87,'Ampliación El Triunfo','09438','09007'),(416,'El Retoño','09440','09007'),(1103,'San Andrés Tetepilco','09440','09007'),(1499,'Zacahuitzco','09440','09007'),(179,'Banjidal','09450','09007'),(613,'Justo Sierra','09460','09007'),(1372,'Sinatel','09470','09007'),(132,'Ampliación Sinatel','09479','09007'),(414,'El Prado','09480','09007'),(1323,'Santa María Aztahuacán','09500','09007'),(1325,'Santa María Aztahuacán Ampliación','09500','09007'),(1337,'Santa Martha Acatitla','09510','09007'),(387,'El Edén','09520','09007'),(1275,'San Sebastián Tecoloxtitla','09520','09007'),(1339,'Santa Martha Acatitla Sur','09530','09007'),(886,'Monte Alban','09550','09007'),(942,'Paraje Zacatepec','09560','09007'),(1324,'Santa María Aztahuacán','09570','09007'),(372,'Ejército de Agua Prieta','09578','09007'),(1347,'Santiago Acahualtepec','09600','09007'),(1348,'Santiago Acahualtepec 1ra. Ampliación','09608','09007'),(1349,'Santiago Acahualtepec 2a. Ampliación','09609','09007'),(788,'Lomas de Zaragoza','09620','09007'),(1232,'San Miguel Teotongo Sección Acorralado','09630','09007'),(1233,'San Miguel Teotongo Sección Avisadero','09630','09007'),(1234,'San Miguel Teotongo Sección Capilla','09630','09007'),(1235,'San Miguel Teotongo Sección Corrales','09630','09007'),(1236,'San Miguel Teotongo Sección Guadalupe','09630','09007'),(1237,'San Miguel Teotongo Sección Iztlahuaca','09630','09007'),(1238,'San Miguel Teotongo Sección Jardines','09630','09007'),(1239,'San Miguel Teotongo Sección La Cruz','09630','09007'),(1240,'San Miguel Teotongo Sección Loma Alta','09630','09007'),(1241,'San Miguel Teotongo Sección Mercedes','09630','09007'),(1242,'San Miguel Teotongo Sección Palmitas','09630','09007'),(1243,'San Miguel Teotongo Sección Puente','09630','09007'),(1244,'San Miguel Teotongo Sección Ranchito','09630','09007'),(1245,'San Miguel Teotongo Sección Rancho Bajo','09630','09007'),(1246,'San Miguel Teotongo Sección Torres','09630','09007'),(224,'Campestre Potrero','09637','09007'),(90,'Ampliación Emiliano Zapata','09638','09007'),(766,'Lomas de la Estancia','09640','09007'),(1491,'Xalpa','09640','09007'),(1253,'San Pablo','09648','09007'),(273,'Citlalli','09660','09007'),(935,'Palmitas','09670','09007'),(1387,'Tenorios','09680','09007'),(180,'Barranca de Guadalupe','09689','09007'),(583,'Iztlahuacán','09690','09007'),(876,'Miravalles','09696','09007'),(859,'Miguel de La Madrid Hurtado','09698','09007'),(208,'Buenavista','09700','09007'),(237,'Carlos Hank Gonzalez','09700','09007'),(363,'Desarrollo Urbano Quetzalcoatl','09700','09007'),(1306,'Santa Cruz Meyehualco','09700','09007'),(341,'Degollado','09704','09007'),(342,'Degollado - Mexicatlalli','09705','09007'),(1162,'San José Buenavista','09706','09007'),(878,'Mixcoatl','09708','09007'),(782,'Lomas de Santa Cruz','09709','09007'),(804,'Los Ángeles Apanoaya','09710','09007'),(497,'Francisco Villa','09720','09007'),(645,'La Era','09720','09007'),(1059,'Reforma Política','09730','09007'),(1021,'Presidentes de México','09740','09007'),(575,'Insurgentes','09750','09007'),(694,'La Polvorilla','09750','09007'),(724,'Las Peñas','09750','09007'),(288,'Consejo Agrarista Mexicano','09760','09007'),(437,'El Triángulo','09769','09007'),(1039,'Puente Blanco','09770','09007'),(144,'Año de Juárez','09780','09007'),(780,'Lomas de San Lorenzo','09780','09007'),(1200,'San Lorenzo Tezonco','09790','09007'),(320,'Culhuacán','09800','09007'),(395,'El Mirador','09800','09007'),(462,'Estrella Culhuacán','09800','09007'),(499,'Fuego Nuevo','09800','09007'),(1113,'San Antonio Culhuacán','09800','09007'),(1276,'San Simón Culhuacán','09800','09007'),(1436,'Tula','09800','09007'),(1447,'Valle de Luces','09800','09007'),(524,'Granjas Esmeralda','09810','09007'),(808,'Los Cipreses','09810','09007'),(871,'Minerva','09810','09007'),(1028,'Progreso del Sur','09810','09007'),(1452,'Valle del Sur','09819','09007'),(430,'El Santuario','09820','09007'),(463,'Estrella del Sur','09820','09007'),(1073,'Ricardo Flores Magón','09820','09007'),(1317,'Santa Isabel Industrial','09820','09007'),(124,'Ampliación Ricardo Flores Magón','09828','09007'),(86,'Ampliación El Santuario','09829','09007'),(393,'El Manto','09830','09007'),(404,'El Molino','09830','09007'),(793,'Lomas El Manto','09830','09007'),(802,'Los Ángeles','09830','09007'),(940,'Paraje San Juan','09830','09007'),(1227,'San Miguel 8va. Ampliación','09837','09007'),(985,'Plan de Iguala','09838','09007'),(116,'Ampliación Paraje San Juan','09839','09007'),(1183,'San Juan Joya','09839','09007'),(827,'Los Reyes Culhuacán','09840','09007'),(108,'Ampliación Los Reyes','09849','09007'),(1190,'San Juan Xalpa','09850','09007'),(1250,'San Nicolás Tolentino','09850','09007'),(1326,'Santa María del Monte','09850','09007'),(138,'Ampliación Veracruzana','09856','09007'),(459,'Estado de Veracruz','09856','09007'),(941,'Paraje San Juan Cerro','09858','09007'),(195,'Benito Juárez','09859','09007'),(75,'Ampliación Bellavista','09860','09007'),(192,'Bellavista','09860','09007'),(242,'Casa Blanca','09860','09007'),(262,'Cerro de La Estrella','09860','09007'),(420,'El Rodeo','09860','09007'),(946,'Parque Nacional Cerro  de la Estrella','09860','09007'),(1182,'San Juan Estrella','09868','09007'),(5,'12 de Diciembre','09870','09007'),(1104,'San Andrés Tomatlán','09870','09007'),(1335,'Santa María Tomatlán','09870','09007'),(441,'El Vergel','09880','09007'),(525,'Granjas Estrella','09880','09007'),(794,'Lomas Estrella','09890','09007'),(238,'Carlos Jonguitud Barrios','09897','09007'),(530,'Guadalupe','09900','09007'),(1110,'San Antonio','09900','09007'),(1194,'San Lorenzo','09900','09007'),(647,'La Esperanza','09910','09007'),(605,'José López Portillo','09920','09007'),(424,'El Rosario','09930','09007'),(595,'Jardines de San Lorenzo Tezonco','09940','09007'),(62,'Allapetlalli','09960','09007'),(246,'Celoalliotli','09960','09007'),(405,'El Molino Tezonco','09960','09007'),(692,'La Planta','09960','09007'),(1445,'USCOVI','09960','09007'),(227,'Cananea','09969','09007'),(1449,'Valle de San Lorenzo','09970','09007'),(797,'Lomas Quebradas','10000','09008'),(677,'La Malinche','10010','09008'),(1115,'San Bartolo Ameyalco','10010','09008'),(309,'Cuauhtémoc','10020','09008'),(392,'El Maestro','10130','09008'),(1154,'San Jerónimo Lídice','10200','09008'),(1123,'San Bernabé Ocotepec','10300','09008'),(432,'El Tanque','10320','09008'),(717,'Las Cruces','10330','09008'),(816,'Los Padres','10340','09008'),(779,'Lomas de San Bernabé','10350','09008'),(561,'Huayatla','10360','09008'),(121,'Ampliación Potrerillo','10368','09008'),(105,'Ampliación Lomas de San Bernabé','10369','09008'),(1405,'Tierra Unida','10369','09008'),(932,'Palmas','10370','09008'),(168,'Atacaxco','10378','09008'),(1487,'Vista Hermosa','10379','09008'),(184,'Barros Sierra','10380','09008'),(1153,'San Jerónimo Aculco','10400','09008'),(183,'Barrio San Francisco','10500','09008'),(181,'Barranca Seca','10580','09008'),(421,'El Rosal','10600','09008'),(436,'El Toro','10610','09008'),(1007,'Potrerillo','10620','09008'),(628,'La Carbonera','10640','09008'),(1036,'Pueblo Nuevo Alto','10640','09008'),(1037,'Pueblo Nuevo Bajo','10640','09008'),(389,'El Ermitaño','10660','09008'),(551,'Héroes de Padierna','10700','09008'),(1343,'Santa Teresa','10710','09008'),(643,'La Cruz','10800','09008'),(1135,'San Francisco','10810','09008'),(653,'La Guadalupe','10820','09008'),(632,'La Concepción','10830','09008'),(715,'Las Calles','10840','09008'),(987,'Plazuela del Pedregal','10840','09008'),(1251,'San Nicolás Totolapan','10900','09008'),(672,'La Magdalena','10910','09008'),(720,'Las Huertas','10920','09008'),(633,'La Concepción','12000','09009'),(671,'La Luz','12000','09009'),(803,'Los Ángeles','12000','09009'),(1215,'San Mateo','12000','09009'),(1296,'Santa Cruz','12000','09009'),(1336,'Santa Martha','12000','09009'),(1478,'Villa Milpa Alta Centro','12000','09009'),(1092,'San Agustin','12070','09009'),(1096,'San Agustin Ohtenco','12080','09009'),(305,'Cruztitla','12100','09009'),(1383,'Tecaxtitla','12100','09009'),(1386,'Tenantitla','12100','09009'),(1492,'Xaltipac','12100','09009'),(1495,'Xochitepec','12100','09009'),(445,'Emiliano Zapata','12110','09009'),(639,'La Conchita','12110','09009'),(905,'Nochtla','12200','09009'),(924,'Ocotitla','12200','09009'),(937,'Panchimalco','12200','09009'),(1437,'Tula','12200','09009'),(1121,'San Bartolomé Xicomulco','12250','09009'),(1270,'San Salvador Cuauhtenco','12300','09009'),(248,'Centro','12400','09009'),(1169,'San Juan','12400','09009'),(1222,'San Miguel','12400','09009'),(264,'Chalmita','12410','09009'),(1201,'San Lorenzo Tlacoyucan','12500','09009'),(1155,'San Jerónimo Miacatlán','12600','09009'),(1140,'San Francisco Tecoxpa','12700','09009'),(1186,'San Juan Tepenahuac','12800','09009'),(669,'La Lupita Teticpac','12910','09009'),(1210,'San Marcos','12920','09009'),(1223,'San Miguel','12930','09009'),(1158,'San José','12940','09009'),(670,'La Lupita Xolco','12950','09009'),(1106,'San Ángel','01000','09010'),(801,'Los Alpes','01010','09010'),(533,'Guadalupe Inn','01020','09010'),(176,'Axotla','01030','09010'),(490,'Florida','01030','09010'),(219,'Campestre','01040','09010'),(1410,'Tlacopac','01049','09010'),(476,'Ex-Hacienda de Guadalupe Chimalistac','01050','09010'),(63,'Altavista','01060','09010'),(1107,'San Ángel Inn','01060','09010'),(268,'Chimalistac','01070','09010'),(1030,'Progreso Tizapan','01080','09010'),(449,'Ermita Tizapan','01089','09010'),(685,'La Otra Banda','01090','09010'),(800,'Loreto','01090','09010'),(1407,'Tizapan','01090','09010'),(996,'Pólvora','01100','09010'),(638,'La Conchita','01109','09010'),(85,'Ampliación El Capulín','01110','09010'),(186,'Belém de las Flores','01110','09010'),(380,'El Capulín','01110','09010'),(737,'Liberales de 1857','01110','09010'),(35,'Acueducto','01120','09010'),(299,'Cove','01120','09010'),(555,'Hidalgo','01120','09010'),(712,'Las Américas','01120','09010'),(70,'Ampliación Acueducto','01125','09010'),(884,'Molino de Santo Domingo','01130','09010'),(938,'Paraíso','01130','09010'),(1054,'Real del Monte','01130','09010'),(1051,'Reacomodo Pino Suárez','01139','09010'),(191,'Bellavista','01140','09010'),(607,'José Maria Pino Suárez','01140','09010'),(301,'Cristo Rey','01150','09010'),(1425,'Tolteca','01150','09010'),(11,'1a Victoria','01160','09010'),(198,'Bosque','01160','09010'),(580,'Isidro Fabela','01160','09010'),(841,'Maria G. de García Ruiz','01160','09010'),(32,'Abraham M. González','01170','09010'),(27,'8 de Agosto','01180','09010'),(241,'Carola','01180','09010'),(1261,'San Pedro de los Pinos','01180','09010'),(165,'Arturo Martínez','01200','09010'),(1308,'Santa Fe','01210','09010'),(783,'Lomas de Santa Fe','01219','09010'),(196,'Bonanza','01220','09010'),(319,'Cuevitas','01220','09010'),(385,'El Cuernito','01220','09010'),(649,'La Estrella','01220','09010'),(845,'Mártires de Tacubaya','01220','09010'),(1504,'Zenón Delgado','01220','09010'),(225,'Campo de Tiro los Gamitos','01230','09010'),(409,'El Piru 2a Ampliación','01230','09010'),(410,'El Piru Santa Fe','01230','09010'),(810,'Los Gamitos','01230','09010'),(1420,'Tlapechico','01230','09010'),(659,'La Huerta','01239','09010'),(1035,'Pueblo Nuevo','01240','09010'),(377,'El Árbol','01250','09010'),(705,'Ladera','01250','09010'),(772,'Lomas de Nuevo México','01250','09010'),(839,'Margarita Maza de Juárez','01250','09010'),(1384,'Tecolalco','01250','09010'),(100,'Ampliación La Cebada','01259','09010'),(681,'La Mexicana 2a Ampliación','01259','09010'),(102,'Ampliación La Mexicana','01260','09010'),(217,'Calzada Jalalpa','01260','09010'),(680,'La Mexicana','01260','09010'),(688,'La Palmita','01260','09010'),(736,'Liberación Proletaria','01260','09010'),(10,'1a Sección Cañada','01269','09010'),(18,'2a Sección Cañada','01269','09010'),(433,'El Tejocote','01270','09010'),(516,'Golondrinas','01270','09010'),(517,'Golondrinas 1a Sección','01270','09010'),(518,'Golondrinas 2a Sección','01270','09010'),(697,'La Presa','01270','09010'),(752,'Lomas de Capula','01270','09010'),(1482,'Villa Solidaridad','01275','09010'),(411,'El Pirul','01276','09010'),(362,'Desarrollo Urbano','01278','09010'),(750,'Lomas de Becerra','01279','09010'),(166,'Arvide','01280','09010'),(412,'El Pocito','01280','09010'),(496,'Francisco Villa','01280','09010'),(660,'La Joya','01280','09010'),(418,'El Rodeo','01285','09010'),(1050,'Reacomodo El Cuernito','01289','09010'),(982,'Piloto Adolfo López Mateos','01290','09010'),(1020,'Presidentes','01290','09010'),(98,'Ampliación Jalalpa','01296','09010'),(587,'Jalalpa Tepito','01296','09010'),(588,'Jalalpa Tepito 2a Ampliación','01296','09010'),(119,'Ampliación Piloto Adolfo López Mateos','01298','09010'),(9,'1a Ampliación Presidentes','01299','09010'),(16,'2a Ampliación Presidentes','01299','09010'),(1146,'San Gabriel','01310','09010'),(236,'Carlos A. Madrazo','01320','09010'),(949,'Paseo de las Lomas','01330','09010'),(185,'Bejero del Pueblo Santa Fe','01340','09010'),(1309,'Santa Fe','01376','09010'),(1310,'Santa Fe Centro Ciudad','01376','09010'),(1312,'Santa Fe La Loma','01376','09010'),(1313,'Santa Fe Peña Blanca','01376','09010'),(586,'Jalalpa El Grande','01377','09010'),(1314,'Santa Fe Tlayapaca','01389','09010'),(928,'Olivar del Conde 1a Sección','01400','09010'),(1019,'Preconcreto','01400','09010'),(508,'Galeana','01407','09010'),(929,'Olivar del Conde 2a Sección','01408','09010'),(182,'Barrio Norte','01410','09010'),(931,'Palmas','01410','09010'),(870,'Minas Cristo Rey','01419','09010'),(1090,'Sacramento','01420','09010'),(1331,'Santa María Nonoalco','01420','09010'),(279,'Colina del Sur','01430','09010'),(558,'Hogar y Redención','01450','09010'),(59,'Alfonso XIII','01460','09010'),(58,'Alfalfar','01470','09010'),(883,'Molino de Rosas','01470','09010'),(775,'Lomas de Plateros','01480','09010'),(629,'La Cascada','01490','09010'),(860,'Miguel Gaona Armenta','01500','09010'),(1319,'Santa Lucía','01500','09010'),(1321,'Santa Lucía Chantepec','01509','09010'),(509,'Garcimarrero','01510','09010'),(618,'La Araña','01510','09010'),(805,'Los Cedros','01510','09010'),(91,'Ampliación Estado de Hidalgo','01520','09010'),(107,'Ampliación Los Pirules','01520','09010'),(413,'El Politoco','01520','09010'),(458,'Estado de Hidalgo','01520','09010'),(983,'Piru Santa Lucía','01520','09010'),(297,'Corpus Christy','01530','09010'),(1396,'Tepopotla','01538','09010'),(37,'Acuilotla','01539','09010'),(293,'Cooperativa Unión Olivos','01539','09010'),(178,'Balcones de Cehuayo','01540','09010'),(245,'Cehuaya','01540','09010'),(744,'Llano Redondo','01540','09010'),(1042,'Punta de Cehuaya','01540','09010'),(1480,'Villa Progresista','01548','09010'),(369,'Dos Ríos del Pueblo Santa Lucía','01549','09010'),(133,'Ampliación Tepeaca','01550','09010'),(1081,'Rinconada Las Cuevitas','01550','09010'),(1391,'Tepeaca','01550','09010'),(174,'Ave Real','01560','09010'),(231,'Canutillo','01560','09010'),(232,'Canutillo 2a Sección','01560','09010'),(233,'Canutillo 3a Sección','01560','09010'),(562,'Hueytlale','01566','09010'),(1052,'Reacomodo Valentín Gómez Farías','01569','09010'),(1381,'Tarango','01588','09010'),(417,'El Rincón','01590','09010'),(851,'Merced Gómez','01600','09010'),(280,'Colinas de Tarango','01610','09010'),(1025,'Profesor J. Arturo López Martínez','01610','09010'),(153,'Arcos Centenario','01618','09010'),(477,'Ex-Hacienda de Tarango','01618','09010'),(679,'La Martinica','01619','09010'),(1079,'Rinconada de Tarango','01619','09010'),(785,'Lomas de Tarango','01620','09010'),(776,'Lomas de Puerta Grande','01630','09010'),(812,'Los Juristas','01630','09010'),(1041,'Puerta Grande','01630','09010'),(554,'Herón Proal','01640','09010'),(997,'Ponciano Arriaga','01645','09010'),(19,'2o Reacomodo Tlacuitlapa','01650','09010'),(135,'Ampliación Tlacuitlapa','01650','09010'),(428,'El Ruedo','01650','09010'),(682,'La Milagrosa','01650','09010'),(933,'Palmas Axotitla','01650','09010'),(1322,'Santa Lucía Chantepec','01650','09010'),(1413,'Tlacuitlapa','01650','09010'),(17,'2a Del Moral del Pueblo Tetelpan','01700','09010'),(664,'La Joyita del Pueblo Tetelpan','01700','09010'),(923,'Ocotillos del Pueblo Tetelpan','01700','09010'),(1095,'San Agustín del Pueblo Tetelpan','01700','09010'),(1382,'Tecalcapa del Pueblo Tetelpan','01700','09010'),(1397,'Tetelpan','01700','09010'),(388,'El Encino del Pueblo Tetelpan','01708','09010'),(401,'El Mirador del Pueblo Tetelpan','01708','09010'),(71,'Ampliación Alpes','01710','09010'),(708,'Las Águilas','01710','09010'),(764,'Lomas de Guadalupe','01720','09010'),(56,'Alcantarilla','01729','09010'),(767,'Lomas de las Águilas','01730','09010'),(1040,'Puente Colorado','01730','09010'),(690,'La Peñita del Pueblo Tetelpan','01740','09010'),(1125,'San Clemente Norte','01740','09010'),(1126,'San Clemente Sur','01740','09010'),(709,'Las Águilas 1a Sección','01750','09010'),(710,'Las Águilas 2o Parque','01750','09010'),(711,'Las Águilas 3er Parque','01750','09010'),(104,'Ampliación Las Águilas','01759','09010'),(170,'Atlamaya','01760','09010'),(488,'Flor de María','01760','09010'),(658,'La Herradura del Pueblo Tetelpan','01760','09010'),(617,'La Angostura','01770','09010'),(1165,'San José del Olivar','01770','09010'),(927,'Olivar de los Padres','01780','09010'),(1406,'Tizampampano del Pueblo Tetelpan','01780','09010'),(861,'Miguel Hidalgo','01789','09010'),(768,'Lomas de los Ángeles del Pueblo Tetelpan','01790','09010'),(778,'Lomas de San Ángel Inn','01790','09010'),(1114,'San Bartolo Ameyalco','01800','09010'),(1048,'Rancho San Francisco Pueblo San Bartolo Ameyalco','01807','09010'),(1484,'Villa Verdún','01810','09010'),(375,'Ejido San Mateo','01820','09010'),(749,'Lomas Axomiatla','01820','09010'),(1341,'Santa Rosa Xochiac','01830','09010'),(1429,'Torres de Potrero','01840','09010'),(1046,'Rancho del Carmen del Pueblo San Bartolo Ameyalco','01849','09010'),(1074,'Rincón de la Bolsa','01849','09010'),(753,'Lomas de Chamontoya','01857','09010'),(1412,'Tlacoyaque','01859','09010'),(765,'Lomas de La Era','01860','09010'),(789,'Lomas del Capulín','01863','09010'),(769,'Lomas de los Cedros','01870','09010'),(598,'Jardines del Pedregal','01900','09010'),(1152,'San Jerónimo Aculco','01904','09010'),(621,'La Asunción','13000','09011'),(1291,'Santa Cecilia','13010','09011'),(1159,'San José','13020','09011'),(1170,'San Juan','13030','09011'),(1216,'San Mateo','13040','09011'),(657,'La Habana','13050','09011'),(654,'La Guadalupe','13060','09011'),(1279,'Santa Ana','13060','09011'),(673,'La Magdalena','13070','09011'),(1224,'San Miguel','13070','09011'),(824,'Los Reyes','13080','09011'),(1044,'Quiahuatla','13090','09011'),(1273,'San Sebastián','13093','09011'),(1149,'San Isidro','13094','09011'),(1099,'San Andrés','13099','09011'),(655,'La Guadalupe','13100','09011'),(129,'Ampliación Santa Catarina','13120','09011'),(1346,'Santiago','13120','09011'),(634,'La Concepción','13150','09011'),(1225,'San Miguel','13180','09011'),(862,'Miguel Hidalgo','13200','09011'),(815,'Los Olivos','13210','09011'),(106,'Ampliación Los Olivos','13219','09011'),(714,'Las Arboledas','13219','09011'),(683,'La Nopalera','13220','09011'),(521,'Granjas Cabrera','13230','09011'),(703,'La Turba','13250','09011'),(351,'Del Mar','13270','09011'),(644,'La Draga','13273','09011'),(1470,'Villa Centroamericana','13278','09011'),(43,'Agrícola Metropolitana','13280','09011'),(1280,'Santa Ana Centro','13300','09011'),(1281,'Santa Ana Norte','13300','09011'),(1282,'Santa Ana Poniente','13300','09011'),(1353,'Santiago Centro','13300','09011'),(1355,'Santiago Norte','13300','09011'),(1502,'Zapotitla','13310','09011'),(139,'Ampliación Zapotitla','13315','09011'),(648,'La Estación','13319','09011'),(640,'La Conchita Zapotitlán','13360','09011'),(1283,'Santa Ana Sur','13360','09011'),(1357,'Santiago Sur','13360','09011'),(1143,'San Francisco Tlaltenco','13400','09011'),(798,'López Portillo','13410','09011'),(99,'Ampliación José López Portillo','13419','09011'),(1367,'Selene','13420','09011'),(130,'Ampliación Selene','13430','09011'),(1500,'Zacatenco','13440','09011'),(538,'Guadalupe Tlaltenco','13450','09011'),(925,'Ojo de Agua','13450','09011'),(438,'El Triángulo','13460','09011'),(702,'La Soledad','13508','09011'),(1093,'San Agustín','13508','09011'),(635,'La Concepción','13509','09011'),(668,'La Lupita','13510','09011'),(498,'Francisco Villa','13520','09011'),(585,'Jaime Torres Bodet','13530','09011'),(622,'La Asunción','13530','09011'),(425,'El Rosario','13540','09011'),(1402,'Tierra Blanca','13540','09011'),(101,'Ampliación La Conchita','13545','09011'),(972,'Peña Alta','13549','09011'),(597,'Jardines del Llano','13550','09011'),(1010,'Potrero del Llano','13550','09011'),(1120,'San Bartolomé','13600','09011'),(825,'Los Reyes','13610','09011'),(1297,'Santa Cruz','13625','09011'),(1094,'San Agustín','13630','09011'),(1226,'San Miguel','13640','09011'),(1249,'San Nicolás Tetelco','13700','09011'),(1390,'Tepantitlamilco','13700','09011'),(1416,'Tlalpan','14000','09012'),(1417,'Tlalpan Centro','14000','09012'),(943,'Parque del Pedregal','14010','09012'),(1479,'Villa Olímpica','14020','09012'),(581,'Isidro Fabela','14030','09012'),(97,'Ampliación Isidro Fabela','14039','09012'),(229,'Cantera Puente de Piedra','14040','09012'),(1038,'Pueblo Quieto','14040','09012'),(286,'Comuneros de Santa Úrsula','14049','09012'),(1426,'Toriello Guerra','14050','09012'),(973,'Peña Pobre','14060','09012'),(1087,'Rómulo Sánchez Mireles','14070','09012'),(1134,'San Fernando','14070','09012'),(1260,'San Pedro Apóstol','14070','09012'),(190,'Belisario Domínguez Sección XVI','14080','09012'),(353,'Del Niño Jesús','14080','09012'),(662,'La Joya','14090','09012'),(960,'Pedregal de San Nicolás 1A Sección','14100','09012'),(961,'Pedregal de San Nicolás 2A Sección','14100','09012'),(962,'Pedregal de San Nicolás 3A Sección','14100','09012'),(963,'Pedregal de San Nicolás 4A Sección','14100','09012'),(964,'Pedregal de San Nicolás 5A Sección','14100','09012'),(266,'Chichicaspatl','14108','09012'),(92,'Ampliación Fuentes del Pedregal','14110','09012'),(1075,'Rincón del Pedregal','14120','09012'),(502,'Fuentes del Pedregal','14140','09012'),(792,'Lomas del Pedregal Framboyanes','14150','09012'),(1001,'Popular Santa Teresa','14160','09012'),(552,'Héroes de Padierna','14200','09012'),(596,'Jardines del Ajusco','14200','09012'),(281,'Colinas del Ajusco','14208','09012'),(1428,'Torres de Padierna','14209','09012'),(601,'Jardines en la Montaña','14210','09012'),(945,'Parque Nacional Bosque del Pedregal','14219','09012'),(1374,'Six Flags (Reino Aventura)','14219','09012'),(314,'Cuchilla de Padierna','14220','09012'),(791,'Lomas del Pedregal','14220','09012'),(335,'Cultura Maya','14230','09012'),(809,'Los Encinos','14239','09012'),(773,'Lomas de Padierna','14240','09012'),(796,'Lomas Hidalgo','14240','09012'),(304,'Cruz del Farol','14248','09012'),(863,'Miguel Hidalgo','14250','09012'),(866,'Miguel Hidalgo 2A Sección','14250','09012'),(867,'Miguel Hidalgo 3A Sección','14250','09012'),(868,'Miguel Hidalgo 4A Sección','14250','09012'),(381,'El Capulín','14260','09012'),(865,'Miguel Hidalgo 1A Sección','14260','09012'),(1501,'Zacayucan Peña Pobre','14266','09012'),(339,'De Caramagüey','14267','09012'),(667,'La Lonja','14268','09012'),(650,'La Fama','14269','09012'),(1024,'Primavera','14270','09012'),(939,'Paraje 38','14275','09012'),(912,'Nueva Oriental Coapa','14300','09012'),(1062,'Residencial Acoxpa','14300','09012'),(1068,'Residencial Miramontes','14300','09012'),(469,'Ex Hacienda Coapa','14308','09012'),(189,'Belisario Domínguez','14310','09012'),(489,'Floresta Coyoacán','14310','09012'),(1462,'Vergel Coapa','14320','09012'),(1078,'Rinconada Coapa 2A Sección','14325','09012'),(1388,'Tenorios','14326','09012'),(522,'Granjas Coapa','14330','09012'),(1077,'Rinconada Coapa 1A Sección','14330','09012'),(1463,'Vergel de Coyoacán','14340','09012'),(1464,'Vergel del Sur','14340','09012'),(1013,'Prado Coapa 1A Sección','14350','09012'),(1014,'Prado Coapa 2A Sección','14357','09012'),(1015,'Prado Coapa 3A Sección','14357','09012'),(834,'Magisterial','14360','09012'),(835,'Magisterial Coapa','14360','09012'),(1064,'Residencial Chimali','14370','09012'),(1198,'San Lorenzo Huipulco','14370','09012'),(1477,'Villa Lázaro Cárdenas','14370','09012'),(152,'Arboledas del Sur','14376','09012'),(543,'Hacienda San Juan','14377','09012'),(29,'A.M.S.A','14380','09012'),(1118,'San Bartolo El Chico','14380','09012'),(1047,'Rancho los Colorines','14386','09012'),(470,'Ex Hacienda San Juan de Dios','14387','09012'),(531,'Guadalupe','14388','09012'),(159,'Arenal de Guadalupe','14389','09012'),(894,'Narciso Mendoza','14390','09012'),(1069,'Residencial Villa Coapa','14390','09012'),(1082,'Rinconada Las Hadas','14390','09012'),(1471,'Villa Coapa','14390','09012'),(1105,'San Andrés Totoltepec','14400','09012'),(365,'Divisadero','14406','09012'),(919,'Nuevo Renacimiento de Axalco','14408','09012'),(1385,'Tecorral','14409','09012'),(500,'Fuentes Brotantes','14410','09012'),(336,'Cumbres de Tepetongo','14420','09012'),(853,'Mesa de los Hornos','14420','09012'),(1345,'Santa Úrsula Xitla','14420','09012'),(1399,'Texcaltenco','14426','09012'),(1422,'Tlaxcaltenco la Mesa','14426','09012'),(1188,'San Juan Tepeximilpa','14427','09012'),(1394,'Tepeximilpa la Paz','14427','09012'),(1360,'Santísima Trinidad','14429','09012'),(440,'El Truenito','14430','09012'),(1414,'Tlalcoligia','14430','09012'),(966,'Pedregal de Santa Úrsula Xitla','14438','09012'),(958,'Pedregal de las Águilas','14439','09012'),(829,'Los Volcanes','14440','09012'),(398,'El Mirador 1A Sección','14449','09012'),(399,'El Mirador 2A Sección','14449','09012'),(400,'El Mirador 3A Sección','14449','09012'),(1419,'Tlalpuente','14460','09012'),(984,'Plan de Ayala','14470','09012'),(687,'La Palma','14476','09012'),(1489,'Viveros Coatectlán','14479','09012'),(675,'La Magdalena Petlacalco','14480','09012'),(1248,'San Miguel Xicalco','14490','09012'),(1247,'San Miguel Topilejo','14500','09012'),(1454,'Valle Escondido','14600','09012'),(282,'Colinas del Bosque','14608','09012'),(728,'Las Tórtolas','14609','09012'),(161,'Arenal Tepepan','14610','09012'),(277,'Club de Golf México','14620','09012'),(1124,'San Buenaventura','14629','09012'),(267,'Chimalcoyoc','14630','09012'),(1483,'Villa Tlalpan','14630','09012'),(376,'Ejidos de San Pedro Mártir','14640','09012'),(501,'Fuentes de Tepepan','14643','09012'),(1451,'Valle de Tepepan','14646','09012'),(616,'Juventud Unida','14647','09012'),(891,'Movimiento Organizado de Tlalpan','14647','09012'),(1080,'Rinconada El Mirador','14647','09012'),(1264,'San Pedro Mártir','14650','09012'),(553,'Heróico Colegio Militar','14653','09012'),(1415,'Tlalmille','14657','09012'),(872,'Mirador del Valle','14658','09012'),(840,'María Esther Zuno de Echeverría','14659','09012'),(1228,'San Miguel Ajusco','14700','09012'),(1364,'Santo Tomas Ajusco','14710','09012'),(193,'Belvedere Ajusco','14720','09012'),(763,'Lomas de Cuilotepec','14730','09012'),(1488,'Vistas del Pedregal','14737','09012'),(206,'Bosques del Pedregal','14738','09012'),(12,'2 de Octubre','14739','09012'),(774,'Lomas de Padierna Sur','14740','09012'),(873,'Mirador I','14748','09012'),(874,'Mirador II','14748','09012'),(269,'Chimilli','14749','09012'),(547,'Héroes de 1910','14760','09012'),(948,'Parres El Guarda','14900','09012'),(636,'La Concepción Tlacoapa','16000','09013'),(1111,'San Antonio','16000','09013'),(1171,'San Juan','16000','09013'),(203,'Bosque Residencial del Sur','16010','09013'),(725,'Las Peritas','16010','09013'),(952,'Paseos del Sur','16010','09013'),(1119,'San Bartolo El Chico','16010','09013'),(1187,'San Juan Tepepan','16020','09013'),(1333,'Santa María Tepepan','16020','09013'),(134,'Ampliación Tepepan','16029','09013'),(103,'Ampliación La Noria','16030','09013'),(563,'Huichapan','16030','09013'),(684,'La Noria','16030','09013'),(1008,'Potrero de San Bernardino','16030','09013'),(8,'18','16034','09013'),(1076,'Rinconada Coapa','16035','09013'),(1199,'San Lorenzo La Cebada','16035','09013'),(849,'Mercado de Flores Plantas y Hortalizas','16036','09013'),(126,'Ampliación San Marcos Norte','16038','09013'),(623,'La Asunción','16040','09013'),(1195,'San Lorenzo','16040','09013'),(600,'Jardines del Sur','16050','09013'),(1211,'San Marcos','16050','09013'),(1404,'Tierra Nueva','16050','09013'),(956,'Pblo. Stgo.Tepalcatlalpan, U. H. Rinconada del Sur','16059','09013'),(396,'El Mirador','16060','09013'),(187,'Belén','16070','09013'),(426,'El Rosario','16070','09013'),(656,'La Guadalupita','16070','09013'),(1294,'Santa Crucita','16070','09013'),(701,'La Santísima','16080','09013'),(1127,'San Cristóbal','16080','09013'),(1128,'San Diego','16080','09013'),(1131,'San Esteban','16080','09013'),(1259,'San Pedro','16090','09013'),(1378,'Tablas de San Lorenzo','16090','09013'),(1493,'Xaltocan','16090','09013'),(1307,'Santa Cruz Xochitepec','16100','09013'),(1358,'Santiago Tepalcatlalpan','16200','09013'),(637,'La Concha','16210','09013'),(1207,'San Lucas Xochimanca','16300','09013'),(627,'La Cañada','16310','09013'),(1206,'San Lucas Oriente','16320','09013'),(1400,'Texmic','16340','09013'),(1197,'San Lorenzo Atemoaya','16400','09013'),(786,'Lomas de Tonalco','16410','09013'),(1151,'San Jerónimo','16420','09013'),(391,'El Jazmín','16428','09013'),(1049,'Rancho Tejomulco','16429','09013'),(1494,'Xochipilli','16430','09013'),(145,'Año de Juárez','16440','09013'),(990,'Pocitos','16443','09013'),(1330,'Santa María Nativitas','16450','09013'),(771,'Lomas de Nativitas','16457','09013'),(114,'Ampliación Nativitas','16459','09013'),(1298,'Santa Cruz Acalpixca','16500','09013'),(147,'Apatlaco','16513','09013'),(356,'Del Puente','16513','09013'),(215,'Calpulco','16514','09013'),(651,'La Gallera','16514','09013'),(1398,'Tetitla','16514','09013'),(693,'La Planta','16520','09013'),(718,'Las Cruces','16530','09013'),(719,'Las Flores','16530','09013'),(49,'Ahualapa','16533','09013'),(1450,'Valle de Santa María','16550','09013'),(1147,'San Gregorio Atlapulco','16600','09013'),(1100,'San Andrés','16604','09013'),(826,'Los Reyes','16605','09013'),(20,'3 de Mayo','16606','09013'),(1112,'San Antonio','16607','09013'),(626,'La Candelaria','16609','09013'),(1208,'San Luis Tlaxialtemalco','16610','09013'),(903,'Niños Héroes','16614','09013'),(624,'La Asunción','16615','09013'),(1292,'Santa Cecilia','16616','09013'),(1274,'San Sebastián','16617','09013'),(1160,'San José','16620','09013'),(652,'La Guadalupana','16629','09013'),(1172,'San Juan','16629','09013'),(1185,'San Juan Moyotepec','16630','09013'),(1184,'San Juan Minas','16640','09013'),(1045,'Quirino Mendoza','16710','09013'),(347,'Del Carmen','16720','09013'),(1150,'San Isidro','16739','09013'),(541,'Guadalupita','16740','09013'),(713,'Las Animas','16749','09013'),(216,'Calyequita','16750','09013'),(1132,'San Felipe','16770','09013'),(397,'El Mirador','16776','09013'),(1359,'Santiaguito','16776','09013'),(259,'Cerrillos Primera Sección','16780','09013'),(260,'Cerrillos Segunda Sección','16780','09013'),(261,'Cerrillos Tercera Sección','16780','09013'),(302,'Cristo Rey','16780','09013'),(429,'El Sacrificio','16780','09013'),(898,'Nativitas','16797','09013'),(723,'Las Mesitas','16799','09013'),(1218,'San Mateo Xalpa','16800','09013'),(1088,'Rosario Tlali','16810','09013'),(1101,'San Andrés Ahuayucan','16810','09013'),(1316,'Santa Inés','16810','09013'),(379,'El Calvario','16813','09013'),(1302,'Santa Cruz Chavarrieta','16840','09013'),(265,'Chapultepec','16850','09013'),(1303,'Santa Cruz de Guadalupe','16860','09013'),(1293,'Santa Cecilia Tepetlapa','16880','09013'),(1142,'San Francisco Tlalnepantla','16900','09013'),(981,'Piedad Narvarte','03000','09014'),(169,'Atenor Salas','03010','09014'),(896,'Narvarte Poniente','03020','09014'),(895,'Narvarte Oriente','03023','09014'),(358,'Del Valle Centro','03100','09014'),(578,'Insurgentes San Borja','03100','09014'),(359,'Del Valle Norte','03103','09014'),(360,'Del Valle Sur','03104','09014'),(1411,'Tlacoquemécatl','03200','09014'),(34,'Actipan','03230','09014'),(33,'Acacias','03240','09014'),(1004,'Portales Sur','03300','09014'),(1002,'Portales Norte','03303','09014'),(1300,'Santa Cruz Atoyac','03310','09014'),(1065,'Residencial Emperadores','03320','09014'),(1496,'Xoco','03330','09014'),(512,'General Pedro María Anaya','03340','09014'),(53,'Álamos','03400','09014'),(1006,'Postal','03410','09014'),(858,'Miguel Alemán','03420','09014'),(608,'Josefa Ortiz de Domínguez','03430','09014'),(902,'Niños Héroes','03440','09014'),(897,'Nativitas','03500','09014'),(882,'Moderna','03510','09014'),(582,'Iztaccihuatl','03520','09014'),(1474,'Villa de Cortes','03530','09014'),(344,'Del Carmen','03540','09014'),(1498,'Zacahuitzco','03550','09014'),(55,'Albert','03560','09014'),(1003,'Portales Oriente','03570','09014'),(875,'Miravalle','03580','09014'),(448,'Ermita','03590','09014'),(1466,'Vértiz Narvarte','03600','09014'),(68,'Américas Unidas','03610','09014'),(977,'Periodista','03620','09014'),(568,'Independencia','03630','09014'),(349,'Del Lago','03640','09014'),(730,'Letrán Valle','03650','09014'),(1277,'San Simón Ticumac','03660','09014'),(1332,'Santa María Nonoalco','03700','09014'),(274,'Ciudad de los Deportes','03710','09014'),(904,'Nochebuena','03720','09014'),(1168,'San Juan','03730','09014'),(480,'Extremadura Insurgentes','03740','09014'),(1262,'San Pedro de los Pinos','03800','09014'),(892,'Nápoles','03810','09014'),(28,'8 de Agosto','03820','09014'),(113,'Ampliación Nápoles','03840','09014'),(1166,'San José Insurgentes','03900','09014'),(877,'Mixcoac','03910','09014'),(577,'Insurgentes Mixcoac','03920','09014'),(852,'Merced Gómez','03930','09014'),(300,'Crédito Constructor','03940','09014'),(249,'Centro (Área 1)','06000','09015'),(250,'Centro (Área 2)','06010','09015'),(251,'Centro (Área 3)','06020','09015'),(1376,'Tabacalera','06030','09015'),(252,'Centro (Área 4)','06040','09015'),(253,'Centro (Área 5)','06050','09015'),(254,'Centro (Área 6)','06060','09015'),(255,'Centro (Área 7)','06070','09015'),(256,'Centro (Área 8)','06080','09015'),(257,'Centro (Área 9)','06090','09015'),(556,'Hipódromo','06100','09015'),(287,'Condesa','06140','09015'),(557,'Hipódromo Condesa','06170','09015'),(889,'Morelos','06200','09015'),(976,'Peralvillo','06220','09015'),(1455,'Valle Gómez','06240','09015'),(479,'Ex-Hipódromo de Peralvillo','06250','09015'),(847,'Maza','06270','09015'),(484,'Felipe Pescador','06280','09015'),(542,'Guerrero','06300','09015'),(207,'Buenavista','06350','09015'),(1328,'Santa María la Ribera','06400','09015'),(1327,'Santa María Insurgentes','06430','09015'),(171,'Atlampa','06450','09015'),(1268,'San Rafael','06470','09015'),(308,'Cuauhtémoc','06500','09015'),(612,'Juárez','06600','09015'),(1083,'Roma Norte','06700','09015'),(367,'Doctores','06720','09015'),(1084,'Roma Sur','06760','09015'),(209,'Buenos Aires','06780','09015'),(920,'Obrera','06800','09015'),(1432,'Tránsito','06820','09015'),(456,'Esperanza','06840','09015'),(167,'Asturias','06850','09015'),(1485,'Vista Alegre','06860','09015'),(955,'Paulino Navarro','06870','09015'),(60,'Algarin','06880','09015'),(73,'Ampliación Asturias','06890','09015'),(906,'Nonoalco Tlatelolco','06900','09015'),(1278,'San Simón Tolnáhuac','06920','09015'),(754,'Lomas de Chapultepec I Sección','11000','09016'),(755,'Lomas de Chapultepec II Sección','11000','09016'),(756,'Lomas de Chapultepec III Sección','11000','09016'),(757,'Lomas de Chapultepec IV Sección','11000','09016'),(758,'Lomas de Chapultepec V Sección','11000','09016'),(759,'Lomas de Chapultepec VI Sección','11000','09016'),(760,'Lomas de Chapultepec VII Sección','11000','09016'),(761,'Lomas de Chapultepec VIII Sección','11000','09016'),(885,'Molino del Rey','11040','09016'),(200,'Bosque de Chapultepec II Sección','11100','09016'),(201,'Bosque de Chapultepec III Sección','11100','09016'),(784,'Lomas de Sotelo','11200','09016'),(795,'Lomas Hermosa','11200','09016'),(1202,'San Lorenzo Tlaltenango','11210','09016'),(978,'Periodista','11220','09016'),(163,'Argentina Poniente','11230','09016'),(566,'Ignacio Manuel Altamirano','11240','09016'),(3,'10 de Abril','11250','09016'),(856,'México Nuevo','11260','09016'),(1156,'San Joaquín','11260','09016'),(162,'Argentina Antigua','11270','09016'),(1427,'Torre Blanca','11280','09016'),(136,'Ampliación Torre Blanca','11289','09016'),(564,'Huíchapan','11290','09016'),(1130,'San Diego Ocoyoacac','11290','09016'),(1465,'Verónica Anzures','11300','09016'),(842,'Mariano Escobedo','11310','09016'),(140,'Anáhuac I Sección','11320','09016'),(141,'Anáhuac II Sección','11320','09016'),(1439,'Un Hogar Para Nosotros','11330','09016'),(1362,'Santo Tomas','11340','09016'),(989,'Plutarco Elías Calles','11350','09016'),(46,'Agricultura','11360','09016'),(1423,'Tlaxpana','11370','09016'),(999,'Popotla','11400','09016'),(729,'Legaria','11410','09016'),(1379,'Tacuba','11410','09016'),(900,'Nextitla','11420','09016'),(970,'Pensil Norte','11430','09016'),(1460,'Ventura Pérez de Alva','11430','09016'),(1058,'Reforma Pensil','11440','09016'),(1192,'San Juanico','11440','09016'),(51,'Ahuehuetes Anáhuac','11450','09016'),(881,'Modelo Pensil','11450','09016'),(975,'Peralitos','11450','09016'),(368,'Dos Lagos','11460','09016'),(706,'Lago Norte','11460','09016'),(707,'Lago Sur','11460','09016'),(813,'Los Manzanos','11460','09016'),(22,'5 de Mayo','11470','09016'),(361,'Deportivo Pensil','11470','09016'),(495,'Francisco I Madero','11480','09016'),(998,'Popo','11480','09016'),(120,'Ampliación Popo','11489','09016'),(310,'Cuauhtémoc Pensil','11490','09016'),(971,'Pensil Sur','11490','09016'),(579,'Irrigación','11500','09016'),(991,'Polanco I Sección','11510','09016'),(520,'Granada','11520','09016'),(95,'Ampliación Granada','11529','09016'),(992,'Polanco II Sección','11530','09016'),(993,'Polanco III Sección','11540','09016'),(994,'Polanco IV Sección','11550','09016'),(995,'Polanco V Sección','11560','09016'),(199,'Bosque de Chapultepec I Sección','11580','09016'),(143,'Anzures','11590','09016'),(1067,'Residencial Militar','11600','09016'),(837,'Manuel Avila Camacho','11610','09016'),(226,'Campo Militar 1','11619','09016'),(1060,'Reforma Social','11650','09016'),(202,'Bosque de las Lomas','11700','09016'),(451,'Escandón I Sección','11800','09016'),(452,'Escandón II Sección','11800','09016'),(7,'16 de Septiembre','11810','09016'),(67,'América','11820','09016'),(338,'Daniel Garza','11830','09016'),(83,'Ampliación Daniel Garza','11840','09016'),(1230,'San Miguel Chapultepec I Sección','11850','09016'),(1231,'San Miguel Chapultepec II Sección','11850','09016'),(922,'Observatorio','11860','09016'),(1380,'Tacubaya','11870','09016'),(751,'Lomas de Bezares','11910','09016'),(1053,'Real de las Lomas','11920','09016'),(777,'Lomas de Reforma','11930','09016'),(748,'Lomas Altas','11950','09016'),(511,'General Ignacio Zaragoza','15000','09017'),(1446,'Valentín Gómez Farias','15010','09017'),(1034,'Puebla','15020','09017'),(1506,'Zona Centro','15100','09017'),(590,'Janitzio','15200','09017'),(1456,'Valle Gómez','15210','09017'),(901,'Nicolás Bravo','15220','09017'),(1000,'Popular Rastro','15220','09017'),(447,'Emilio Carranza','15230','09017'),(857,'Michoacana','15240','09017'),(112,'Ampliación Michoacana','15250','09017'),(69,'Ampliación 20 de Noviembre','15260','09017'),(890,'Morelos','15270','09017'),(968,'Penitenciaria','15280','09017'),(4,'10 de Mayo','15290','09017'),(13,'20 de Noviembre','15300','09017'),(23,'5o Tramo 20 de Noviembre','15309','09017'),(483,'Felipe Ángeles','15310','09017'),(177,'Azteca','15320','09017'),(1434,'Tres Mosqueteros','15330','09017'),(137,'Ampliación Venustiano Carranza','15339','09017'),(1461,'Venustiano Carranza','15340','09017'),(117,'Ampliación Penitenciaria','15350','09017'),(1027,'Progresista','15370','09017'),(454,'Escuela de Tiro','15380','09017'),(25,'7 de Julio','15390','09017'),(1086,'Romero Rubio','15400','09017'),(1371,'Simón Bolívar','15410','09017'),(131,'Ampliación Simón Bolívar','15420','09017'),(148,'Aquiles Serdán','15430','09017'),(2,'1° de Mayo','15440','09017'),(337,'Damián Carmona','15450','09017'),(1071,'Revolución','15460','09017'),(864,'Miguel Hidalgo','15470','09017'),(879,'Moctezuma 1a Sección','15500','09017'),(969,'Pensador Mexicano','15510','09017'),(974,'Peñón de los Baños','15520','09017'),(880,'Moctezuma 2a Sección','15530','09017'),(1301,'Santa Cruz Aviación','15540','09017'),(155,'Arenal 1a Sección','15600','09017'),(318,'Cuchilla Pantitlán','15610','09017'),(855,'México (Lic. Benito Juárez)','15620','09017'),(235,'Caracol','15630','09017'),(158,'Arenal 4a Sección','15640','09017'),(160,'Arenal Puerto Aéreo','15640','09017'),(77,'Ampliación Caracol','15650','09017'),(157,'Arenal 3a Sección','15660','09017'),(40,'Adolfo López Mateos','15670','09017'),(156,'Arenal 2a Sección','15680','09017'),(482,'Federal','15700','09017'),(570,'Industrial Puerto Aéreo','15710','09017'),(21,'4 Árboles','15730','09017'),(175,'Aviación Civil','15740','09017'),(74,'Ampliación Aviación Civil','15750','09017'),(589,'Jamaica','15800','09017'),(850,'Merced Balbuena','15810','09017'),(799,'Lorenzo Boturini','15820','09017'),(164,'Artes Gráficas','15830','09017'),(1368,'Sevilla','15840','09017'),(833,'Magdalena Mixiuhca','15850','09017'),(674,'La Magdalena Mixiuhca','15860','09017'),(30,'Aarón Sáenz','15870','09017'),(592,'Jardín Balbuena','15900','09017'),(355,'Del Parque','15960','09017'),(42,'Aeronáutica Militar','15970','09017'),(14,'24 de Abril','15980','09017'),(65,'Álvaro Obregón','15990','09017');
/*!40000 ALTER TABLE `colonias` ENABLE KEYS */;
UNLOCK TABLES;

--
-- Table structure for table `colores`
--

DROP TABLE IF EXISTS `colores`;
/*!40101 SET @saved_cs_client     = @@character_set_client */;
/*!50503 SET character_set_client = utf8mb4 */;
CREATE TABLE `colores` (
  `color_id` int unsigned NOT NULL AUTO_INCREMENT,
  `nombre` varchar(20) NOT NULL,
  PRIMARY KEY (`color_id`),
  UNIQUE KEY `nombre` (`nombre`)
) ENGINE=InnoDB AUTO_INCREMENT=101 DEFAULT CHARSET=utf8mb4 COLLATE=utf8mb4_0900_ai_ci;
/*!40101 SET character_set_client = @saved_cs_client */;

--
-- Dumping data for table `colores`
--

LOCK TABLES `colores` WRITE;
/*!40000 ALTER TABLE `colores` DISABLE KEYS */;
INSERT INTO `colores` VALUES (38,'Acero'),(54,'Arcilla'),(7,'Arena'),(98,'Arena Amarillenta'),(84,'Arena Beige'),(86,'Arena Café'),(34,'Arena Clara'),(56,'Arena Mojada'),(26,'Arena Oscura'),(35,'Avellana'),(64,'Azul Acero'),(22,'Azul Marino'),(90,'Azul Oscuro'),(63,'Azul Plomo'),(3,'Beige'),(97,'Beige Dorado'),(96,'Beige Rosado'),(99,'Beige Tostado'),(2,'Blanco'),(15,'Bronce'),(71,'Bronce Claro'),(46,'Bronceado'),(60,'Burdeos'),(5,'Café'),(95,'Café Almendra'),(47,'Café Claro'),(48,'Café Oscuro'),(9,'Camel'),(55,'Canela'),(8,'Caoba'),(76,'Caoba Oscura'),(25,'Caqui'),(10,'Caramelo'),(39,'Carbón'),(69,'Carbón Claro'),(27,'Ceniza'),(79,'Ceniza Azulada'),(73,'Ceniza Beige'),(93,'Ceniza Marrón'),(40,'Ceniza Oscura'),(70,'Ceniza Plateada'),(44,'Champaña'),(11,'Chocolate'),(49,'Chocolate Amargo'),(75,'Chocolate Leche'),(36,'Cobre'),(28,'Crema'),(19,'Grafito'),(61,'Granate'),(6,'Gris'),(91,'Gris Cemento'),(41,'Gris Claro'),(42,'Gris Oscuro'),(100,'Gris Pardo'),(78,'Hueso'),(20,'Humo'),(37,'Latón'),(72,'Latón Viejo'),(67,'Lino'),(77,'Marfil'),(4,'Marrón'),(51,'Marrón Claro'),(94,'Marrón Húmedo'),(74,'Marrón Medio'),(50,'Marrón Oscuro'),(12,'Miel'),(43,'Moka'),(80,'Moka Claro'),(1,'Negro'),(14,'Nuez'),(66,'Olivo'),(16,'Oro Viejo'),(57,'Pardo'),(85,'Pardo Oscuro'),(21,'Perla'),(29,'Piedra'),(18,'Pizarra'),(17,'Plata'),(92,'Plomo Oscuro'),(62,'Rojo Vino'),(81,'Siena'),(33,'Tabaco'),(68,'Taupe'),(53,'Terracota'),(13,'Tierra'),(30,'Topacio'),(52,'Tostado'),(82,'Tostado Claro'),(31,'Trufa'),(83,'Trufa Clara'),(45,'Vainilla'),(65,'Verde Bosque'),(87,'Verde Cazador'),(89,'Verde Hierba'),(24,'Verde Militar'),(58,'Verde Musgo'),(23,'Verde Oliva'),(88,'Verde Pasto'),(59,'Verde Seco'),(32,'Whisky');
/*!40000 ALTER TABLE `colores` ENABLE KEYS */;
UNLOCK TABLES;

--
-- Table structure for table `detalle_pedido`
--

DROP TABLE IF EXISTS `detalle_pedido`;
/*!40101 SET @saved_cs_client     = @@character_set_client */;
/*!50503 SET character_set_client = utf8mb4 */;
CREATE TABLE `detalle_pedido` (
  `pedido_id` int unsigned NOT NULL,
  `id_inv_suc` int unsigned NOT NULL,
  `cantidad` smallint NOT NULL,
  `precio_compra` decimal(10,2) NOT NULL,
  PRIMARY KEY (`pedido_id`,`id_inv_suc`),
  KEY `id_inv_suc` (`id_inv_suc`),
  CONSTRAINT `detalle_pedido_ibfk_1` FOREIGN KEY (`pedido_id`) REFERENCES `pedidos` (`pedido_id`) ON DELETE CASCADE ON UPDATE CASCADE,
  CONSTRAINT `detalle_pedido_ibfk_2` FOREIGN KEY (`id_inv_suc`) REFERENCES `inventario_sucursales` (`id_inv_suc`) ON DELETE RESTRICT ON UPDATE CASCADE
) ENGINE=InnoDB DEFAULT CHARSET=utf8mb4 COLLATE=utf8mb4_0900_ai_ci;
/*!40101 SET character_set_client = @saved_cs_client */;

--
-- Dumping data for table `detalle_pedido`
--

LOCK TABLES `detalle_pedido` WRITE;
/*!40000 ALTER TABLE `detalle_pedido` DISABLE KEYS */;
INSERT INTO `detalle_pedido` VALUES (1,903,7,1049.49),(2,321,22,2286.42),(2,1419,7,1474.47),(2,1743,29,1673.32),(3,128,22,840.20),(3,650,22,2106.67),(4,8,7,2129.62),(4,475,1,901.47),(4,804,19,1736.18),(5,1948,14,1532.57),(6,1035,8,2578.21),(6,1062,19,1823.68),(6,1575,5,1617.63),(7,135,25,1252.82),(7,866,18,1949.66),(8,1355,13,1733.97),(8,1711,5,1662.09),(9,590,12,1989.44),(9,1161,25,1692.70),(10,651,6,872.01),(11,1315,19,2001.64),(12,1178,15,1629.62),(12,1828,6,890.69),(12,1911,2,2167.34),(13,1919,5,782.88),(14,96,15,2487.95),(14,1510,7,1939.00),(15,1199,27,1556.65),(15,1547,9,2201.10),(16,242,21,1228.90),(16,533,3,2398.57),(16,1026,23,1015.04),(16,1689,4,1291.86),(17,804,11,1895.81),(18,767,23,1112.14),(19,512,9,2382.68),(20,1067,9,1631.67),(20,1760,11,1344.17),(21,933,14,2301.44),(22,818,20,1545.51),(22,1924,19,2435.84),(23,810,6,1226.01),(23,1266,14,731.81),(24,211,19,2115.18),(24,240,16,776.29),(25,198,17,1182.27),(25,630,20,1100.04),(26,325,19,1788.57),(27,414,12,1052.65),(27,651,20,2282.92),(27,1008,12,1311.05),(28,413,21,755.07),(28,516,13,903.56),(29,1250,9,1617.56),(29,1476,16,1031.45),(30,543,11,2044.62),(30,1051,18,2235.89),(31,1783,23,859.20),(32,1515,3,987.29),(32,1904,20,2205.65),(33,338,11,796.38),(34,383,30,1872.23),(34,1944,21,1166.98),(35,906,10,1480.42),(35,1035,2,2227.49),(36,603,18,1548.36),(36,1530,3,1887.42),(37,124,11,2453.60),(37,554,14,2461.19),(37,866,13,2122.39),(38,843,19,2380.11),(38,1287,29,1913.44),(39,164,22,1249.79),(39,878,5,901.97),(40,345,14,1247.18),(40,1201,17,2568.72),(41,380,23,2248.02),(41,768,1,731.19),(41,1499,9,2423.23),(42,295,21,1615.93),(43,482,1,1384.67),(43,1134,8,1375.64),(44,628,6,2518.54),(45,604,21,1722.79),(45,1332,29,721.54),(46,1082,3,1382.55),(47,1003,7,1480.46),(48,806,9,1373.07),(49,1286,2,1619.05),(49,1569,3,1756.43),(50,203,11,1013.11),(50,429,4,2685.46),(50,1798,19,974.19),(51,354,23,1418.81),(51,1535,9,1737.14),(52,1531,13,1833.74),(53,673,15,2105.87),(53,1276,5,1859.82),(54,801,10,1737.09),(55,756,22,2318.13),(55,1268,11,1598.95),(55,1704,7,1128.54),(56,1246,9,847.73),(57,882,19,697.80),(57,1285,2,1540.96),(57,1670,28,2436.37),(58,1165,27,2552.98),(58,1648,4,1016.63),(59,1380,2,1599.61),(60,1734,18,1807.80),(60,1758,17,1222.41),(61,1080,13,2580.28),(61,1445,7,2304.74),(62,174,13,1080.93),(62,1054,22,1519.85),(63,1071,25,1529.06),(63,1262,21,755.48),(63,1963,23,2493.06),(64,547,2,2297.26),(65,582,3,705.42),(66,88,10,792.35),(66,237,8,639.87),(67,311,18,2037.65),(68,104,7,1038.25),(68,1366,9,1955.23),(68,1653,12,1059.30),(68,1958,23,997.49),(69,523,2,1179.60),(69,749,18,1649.63),(69,1071,24,2219.11),(69,1806,10,986.80),(70,1063,29,1598.68),(70,1363,7,1155.69),(71,644,20,1191.50),(71,1432,20,1520.84),(71,1455,17,663.90),(72,1370,10,2124.79),(72,1586,28,1139.21),(73,799,25,1977.04),(73,1485,8,779.78),(74,32,9,939.93),(75,25,2,2045.37),(75,431,22,1225.49),(75,1751,30,1775.42),(75,1752,13,2137.40),(76,521,26,945.69),(76,1313,21,1822.79),(76,1497,26,1377.49),(77,147,15,905.07),(77,642,14,1228.10),(78,115,27,715.34),(79,1606,6,2162.22),(80,1076,13,711.32),(81,1929,9,1503.75),(82,218,23,1271.87),(82,885,18,1802.03),(83,1166,28,1201.14),(83,1244,28,925.20),(84,200,3,2008.27),(84,1569,13,2534.63),(84,1804,21,1189.97),(85,166,17,971.67),(85,575,2,986.39),(85,1463,30,2132.20),(86,100,9,1074.15),(86,990,25,1182.62),(86,1443,28,1503.67),(87,1793,20,643.04),(88,414,6,1862.65),(88,534,18,1350.93),(88,1823,22,1434.87),(89,123,21,2169.33),(89,330,13,2482.17),(89,1239,3,2578.99),(89,1496,26,2104.95),(89,1925,2,2234.23),(90,217,14,1371.64),(90,1021,11,2178.92),(91,405,19,2512.76),(92,219,6,1856.89),(92,427,13,1571.02),(92,479,28,1557.51),(92,1667,15,2091.06),(92,1731,21,1466.10),(93,186,30,1753.69),(93,922,9,912.79),(93,984,13,1730.40),(94,1775,11,978.91),(95,1564,19,2370.98),(95,1823,27,1383.99),(96,1384,10,1851.11),(97,314,23,2206.72),(97,664,28,773.56),(97,1734,24,2464.80),(98,341,10,1525.41),(98,1711,10,1016.07),(99,219,18,2569.52),(100,404,9,766.37),(100,484,16,2185.72),(100,1897,27,2458.48);
/*!40000 ALTER TABLE `detalle_pedido` ENABLE KEYS */;
UNLOCK TABLES;

--
-- Table structure for table `detalle_proveedores`
--

DROP TABLE IF EXISTS `detalle_proveedores`;
/*!40101 SET @saved_cs_client     = @@character_set_client */;
/*!50503 SET character_set_client = utf8mb4 */;
CREATE TABLE `detalle_proveedores` (
  `proveedor_id` int unsigned NOT NULL,
  `inventario_id` int unsigned NOT NULL,
  PRIMARY KEY (`proveedor_id`,`inventario_id`),
  KEY `inventario_id` (`inventario_id`),
  CONSTRAINT `detalle_proveedores_ibfk_1` FOREIGN KEY (`proveedor_id`) REFERENCES `proveedores` (`proveedor_id`) ON DELETE CASCADE ON UPDATE CASCADE,
  CONSTRAINT `detalle_proveedores_ibfk_2` FOREIGN KEY (`inventario_id`) REFERENCES `inventario` (`inventario_id`) ON DELETE RESTRICT ON UPDATE CASCADE
) ENGINE=InnoDB DEFAULT CHARSET=utf8mb4 COLLATE=utf8mb4_0900_ai_ci;
/*!40101 SET character_set_client = @saved_cs_client */;

--
-- Dumping data for table `detalle_proveedores`
--

LOCK TABLES `detalle_proveedores` WRITE;
/*!40000 ALTER TABLE `detalle_proveedores` DISABLE KEYS */;
INSERT INTO `detalle_proveedores` VALUES (79,2),(49,7),(49,11),(46,12),(74,21),(75,22),(17,23),(77,24),(72,32),(46,40),(18,52),(2,53),(7,57),(16,62),(91,64),(35,65),(61,68),(27,76),(59,89),(28,99),(14,100),(2,104),(62,111),(55,118),(71,122),(7,124),(38,124),(100,129),(16,130),(49,136),(95,137),(6,142),(72,143),(26,148),(100,151),(95,156),(74,164),(42,175),(52,178),(77,189),(31,190),(26,192),(62,204),(96,205),(31,214),(100,218),(85,219),(46,221),(62,221),(4,237),(3,243),(23,249),(38,252),(61,256),(75,256),(60,257),(40,263),(20,265),(27,268),(83,268),(75,273),(35,274),(43,281),(46,285),(46,305),(23,307),(87,307),(66,308),(40,311),(49,317),(31,330),(66,335),(39,340),(66,344),(100,346),(26,351),(64,351),(99,357),(9,359),(75,366),(47,367),(95,368),(63,369),(42,378),(5,387),(28,395),(63,399),(2,407),(77,409),(60,420),(23,421),(6,424),(31,425),(85,428),(35,437),(95,439),(46,441),(67,447),(2,455),(55,464),(47,472),(42,481),(46,485),(30,502),(60,508),(55,515),(31,516),(30,532),(60,533),(66,535),(74,537),(45,543),(67,552),(87,554),(66,556),(80,562),(100,567),(46,570),(60,570),(67,571),(26,576),(32,577),(37,580),(44,581),(42,585),(91,585),(23,592),(17,598),(86,598),(80,602),(67,606),(99,612),(45,616),(17,624),(31,624),(99,630),(17,633),(7,661),(67,695),(66,697),(6,698),(64,719),(80,727),(55,729),(66,729),(49,731),(60,731),(20,733),(28,733),(27,748),(37,750),(42,750),(46,756),(7,761),(19,762),(31,766),(26,768),(23,772),(81,774),(74,780),(41,787),(27,800),(6,801),(32,807),(36,808),(62,814),(51,818),(38,821),(60,829),(43,835),(100,839),(75,840),(75,857),(6,864),(76,867),(83,874),(41,878),(68,886),(26,906),(43,906),(60,914),(73,914),(6,915),(6,918),(77,922),(4,925),(35,927),(51,927),(35,930),(77,932),(73,935),(14,942),(60,942),(83,950),(55,956),(72,979),(62,981),(77,982),(81,990),(20,998);
/*!40000 ALTER TABLE `detalle_proveedores` ENABLE KEYS */;
UNLOCK TABLES;

--
-- Table structure for table `detalle_ventas`
--

DROP TABLE IF EXISTS `detalle_ventas`;
/*!40101 SET @saved_cs_client     = @@character_set_client */;
/*!50503 SET character_set_client = utf8mb4 */;
CREATE TABLE `detalle_ventas` (
  `venta_id` int unsigned NOT NULL,
  `inventario_id` int unsigned NOT NULL,
  `cantidad` smallint NOT NULL,
  `subtotal` decimal(10,2) NOT NULL,
  PRIMARY KEY (`venta_id`,`inventario_id`),
  KEY `inventario_id` (`inventario_id`),
  CONSTRAINT `detalle_ventas_ibfk_1` FOREIGN KEY (`venta_id`) REFERENCES `ventas` (`venta_id`) ON DELETE CASCADE ON UPDATE CASCADE,
  CONSTRAINT `detalle_ventas_ibfk_2` FOREIGN KEY (`inventario_id`) REFERENCES `inventario` (`inventario_id`) ON DELETE RESTRICT ON UPDATE CASCADE
) ENGINE=InnoDB DEFAULT CHARSET=utf8mb4 COLLATE=utf8mb4_0900_ai_ci;
/*!40101 SET character_set_client = @saved_cs_client */;

--
-- Dumping data for table `detalle_ventas`
--

LOCK TABLES `detalle_ventas` WRITE;
/*!40000 ALTER TABLE `detalle_ventas` DISABLE KEYS */;
INSERT INTO `detalle_ventas` VALUES (1,165,5,10950.30),(1,683,9,11863.71),(1,798,6,13493.04),(2,23,2,5020.04),(2,338,9,23757.75),(2,675,9,15459.66),(3,210,2,5528.46),(3,357,7,19606.93),(3,616,9,8153.91),(3,695,8,6544.24),(3,775,5,6501.80),(3,1000,9,22385.16),(4,442,5,13382.75),(4,454,7,11748.10),(4,545,9,7354.80),(4,607,9,17675.73),(4,660,8,21115.04),(4,949,3,8157.51),(4,955,4,4895.96),(4,994,8,22307.60),(5,39,7,15786.19),(5,144,4,6443.36),(5,250,5,13011.05),(5,436,9,16019.64),(5,504,5,5753.60),(5,553,8,14151.44),(6,301,3,5067.69),(6,400,5,11448.90),(6,688,3,5190.72),(6,982,1,1602.60),(7,12,3,4133.46),(7,22,5,13011.05),(7,26,10,17989.50),(7,51,4,10070.36),(7,144,10,16108.40),(7,167,3,2451.60),(7,327,10,25535.10),(7,874,9,6662.52),(8,612,10,8532.30),(8,752,6,6423.84),(8,785,8,17290.72),(9,39,5,11275.85),(9,166,7,7666.12),(9,233,3,4395.24),(9,330,1,2173.50),(9,356,8,19754.80),(9,406,9,24088.95),(9,873,1,1809.42),(9,984,5,14139.85),(10,620,4,3272.12),(10,880,7,5972.61),(11,63,9,22224.15),(11,255,5,4090.15),(11,502,5,5291.60),(11,978,5,12260.95),(12,324,9,24514.47),(12,663,6,16390.80),(12,710,3,8405.91),(12,860,7,15148.07),(13,90,9,12763.53),(13,455,4,5119.96),(13,856,7,14137.41),(13,919,3,5047.35),(14,3,10,26381.10),(14,66,1,1286.63),(14,272,8,8565.12),(14,411,6,15885.00),(14,479,10,10706.40),(14,635,6,8479.20),(14,749,10,21613.40),(15,494,1,1539.66),(15,790,9,25896.42),(16,398,10,27448.80),(16,807,7,13723.57),(17,309,4,4233.28),(17,429,4,4874.32),(18,543,8,19850.00),(18,989,3,7923.72),(19,21,7,12592.65),(19,507,1,2723.83),(19,770,2,5020.04),(20,42,10,9396.00),(20,82,9,13414.23),(20,475,10,18152.40),(20,727,10,25537.20),(20,932,7,18488.68),(21,26,2,3597.90),(21,950,1,1707.52),(22,86,1,1815.24),(22,262,8,11923.76),(22,315,10,16824.50),(22,349,3,2534.73),(22,753,8,19179.12),(22,834,1,2902.45),(23,311,10,11672.90),(23,386,6,8898.24),(23,460,3,5228.76),(23,498,6,7384.08),(23,986,2,3415.24),(24,116,3,5882.10),(24,203,3,4522.44),(24,312,9,18760.23),(24,371,6,10679.76),(24,500,7,8171.03),(24,520,7,17008.25),(24,813,3,3671.97),(25,182,7,5720.40),(25,253,6,16469.28),(26,518,5,13072.70),(26,796,2,4039.26),(27,538,8,7092.48),(27,993,7,11168.57),(28,13,5,6153.40),(28,125,3,8289.90),(28,314,5,12260.95),(28,451,7,9755.20),(28,546,10,8865.60),(28,769,3,5373.09),(28,887,4,9589.56),(29,71,10,8532.30),(29,173,8,21104.88),(29,387,9,10967.22),(29,867,7,13831.44),(29,965,9,13955.31),(30,83,5,12050.60),(30,446,5,5982.55),(30,500,10,11672.90),(31,155,10,17302.40),(31,699,4,7075.72),(32,15,10,27641.50),(32,99,1,2206.86),(32,118,5,14009.85),(32,263,7,12195.96),(32,560,10,15505.90),(32,572,6,5119.38),(32,587,7,18614.61),(33,354,7,18157.65),(33,888,10,19759.20),(34,655,10,26765.50),(34,750,7,16870.84),(34,780,10,11693.40),(34,904,5,8239.25),(35,30,2,4014.98),(35,156,6,8010.72),(35,231,8,18963.04),(35,251,6,12507.12),(35,546,5,4432.80),(36,275,5,10887.65),(36,541,3,6746.52),(36,715,2,3014.96),(36,927,8,20140.72),(37,231,7,16592.66),(37,383,5,10422.60),(37,466,7,16481.15),(38,73,5,3701.40),(38,133,8,10680.96),(38,143,7,5883.50),(38,349,2,1689.82),(38,691,9,26108.37),(39,17,4,10636.92),(39,143,10,8405.00),(39,290,2,5804.90),(39,609,3,3710.64),(39,614,3,3943.29),(39,919,1,1682.45),(39,924,5,10242.95),(40,201,10,16783.00),(40,697,10,17076.20),(40,993,4,6382.04),(41,399,8,11345.36),(41,969,3,6746.52),(42,870,10,16700.10),(42,986,5,8538.10),(43,272,8,8565.12),(43,490,5,10242.95),(43,824,6,6444.00),(44,76,6,16584.90),(44,262,2,2980.94),(44,853,10,20845.20),(44,890,7,19876.92),(44,910,9,24878.07),(45,75,4,9417.80),(45,404,6,9237.96),(45,546,9,7979.04),(45,719,1,1864.56),(45,977,9,12701.61),(46,91,5,12260.95),(46,139,2,5754.76),(46,141,9,8018.64),(46,563,10,26022.10),(47,166,4,4380.64),(47,492,9,25217.73),(47,998,1,2007.49),(48,388,6,7228.20),(48,510,9,18760.23),(48,646,4,4373.92),(49,285,2,4328.02),(49,452,7,16171.19),(49,639,4,6202.36),(49,706,5,4292.15),(49,894,5,13269.25),(50,15,2,5528.30),(50,282,9,21867.75),(50,415,7,9594.27),(50,885,1,2710.86),(51,446,6,7179.06),(51,812,9,16518.60),(51,997,2,4217.60),(52,381,3,8961.78),(53,155,1,1730.24),(53,241,5,9802.55),(53,605,10,7402.80),(53,813,6,7343.94),(54,269,9,19710.54),(54,305,9,11015.91),(54,473,1,1682.45),(54,495,2,4217.60),(54,530,4,10694.24),(54,869,3,6722.43),(54,873,4,7237.68),(55,199,7,19876.92),(55,548,6,17923.56),(56,118,9,25217.73),(56,436,2,3559.92),(56,624,5,14936.30),(56,652,8,8144.64),(56,741,6,8427.60),(56,883,2,3191.02),(57,255,8,6544.24),(57,745,7,20306.51),(57,753,5,11986.95),(57,883,1,1595.51),(57,951,4,10843.44),(58,197,10,20063.10),(58,366,9,22069.71),(58,686,4,7119.84),(58,797,7,18569.53),(59,89,7,19606.93),(59,451,7,9755.20),(59,594,3,8020.68),(59,612,2,1706.46),(59,699,4,7075.72),(59,743,4,10706.20),(59,797,1,2652.79),(60,450,3,3655.74),(60,638,4,7903.68),(60,687,7,20162.24),(60,818,10,16892.30),(60,887,3,7192.17),(61,614,1,1314.43),(61,709,6,12769.62),(61,958,7,14340.13),(61,981,10,19605.10),(62,338,7,18478.25),(62,619,6,12984.06),(62,666,7,9201.01),(62,702,2,3485.84),(62,742,8,8241.44),(62,862,4,11949.04),(62,937,6,7115.04),(63,163,4,6202.36),(63,871,5,5668.45),(63,895,4,6729.80),(63,934,7,15786.19),(64,234,4,11509.52),(64,383,8,16676.16),(65,25,7,5591.25),(65,321,8,16059.92),(65,501,4,5803.12),(65,561,5,8718.40),(66,98,5,8446.15),(66,931,8,11902.24),(67,367,2,2836.34),(67,402,1,2877.38),(67,538,2,1773.12),(68,324,9,24514.47),(68,377,9,22385.16),(68,944,2,5347.12),(69,858,7,18466.77),(69,923,8,6441.52),(70,57,4,3542.28),(70,447,5,6853.05),(70,514,3,4449.12),(70,525,8,11923.76),(71,133,1,1335.12),(71,162,4,10557.52),(71,933,3,3501.87),(72,62,5,14936.30),(72,108,4,8078.52),(72,301,4,6756.92),(72,501,3,4352.34),(72,506,7,18614.61),(72,718,1,1835.40),(72,736,7,9667.42),(73,255,1,818.03),(73,539,5,11468.85),(73,629,10,8219.40),(73,731,3,4165.80),(74,431,2,5576.90),(75,404,4,6158.64),(75,517,1,2639.38),(76,187,1,2255.17),(76,242,4,3888.96),(76,535,1,1622.94),(76,741,2,2809.20),(77,521,7,8432.90),(77,604,9,26208.99),(77,894,8,21230.80),(78,51,6,15105.54),(78,230,7,6273.33),(78,521,9,10842.30),(78,549,3,3671.97),(78,592,6,14887.50),(78,679,3,6746.52),(78,742,10,10301.80),(78,867,4,7903.68),(79,259,8,22300.96),(79,649,10,19681.50),(80,957,6,6915.60),(81,328,1,1377.82),(81,706,2,1716.86),(81,801,6,14802.30),(81,939,8,20428.08),(82,237,7,11275.88),(82,288,8,14391.60),(82,425,2,4169.04),(82,488,5,4086.00),(82,876,10,16892.30),(83,302,2,2762.12),(83,656,1,2763.30),(84,33,10,12047.00),(84,541,10,22488.40),(84,605,7,5181.96),(84,819,9,9524.88),(85,53,1,798.75),(85,561,1,1743.68),(85,611,8,11305.60),(86,265,2,2076.20),(87,23,8,20080.16),(87,25,10,7987.50),(87,158,8,8241.44),(87,338,8,21118.00),(87,490,10,20485.90),(88,412,1,2007.49),(88,668,7,18714.92),(88,862,2,5974.52),(89,87,6,10245.12),(89,161,4,3033.24),(89,838,4,4120.72),(90,118,4,11207.88),(90,188,10,7583.10),(90,221,10,19046.20),(90,410,1,1185.84),(90,423,6,7719.78),(90,689,3,3389.61),(90,788,4,10564.96),(91,607,5,9819.85),(91,747,3,8402.97),(91,857,4,6756.92),(92,216,7,17165.33),(92,415,9,12335.49),(92,446,4,4786.04),(92,659,6,7719.78),(93,198,6,8322.12),(93,241,10,19605.10),(93,943,7,9644.74),(93,957,6,6915.60),(93,989,5,13206.20),(94,433,1,2354.45),(94,527,5,7452.35),(94,823,8,6537.60),(95,30,10,20074.90),(95,401,7,6341.93),(95,472,4,4072.32),(95,833,4,8645.36),(95,840,4,7458.24),(95,955,10,12239.90),(96,240,7,11218.20),(96,451,3,4180.80),(96,615,6,6904.32),(96,698,9,11131.92),(96,920,6,16613.10),(97,107,3,8157.51),(97,377,5,12436.20),(97,430,4,10458.16),(97,467,9,25896.42),(97,508,7,7518.00),(97,721,8,7084.56),(98,56,6,7003.74),(98,124,2,5489.76),(98,736,8,11048.48),(98,870,8,13360.08),(99,168,8,16676.16),(99,361,5,13198.75),(99,362,2,3469.14),(99,601,10,13003.60),(100,579,2,2036.16),(100,735,10,24872.40),(100,884,4,3195.00);
/*!40000 ALTER TABLE `detalle_ventas` ENABLE KEYS */;
UNLOCK TABLES;

--
-- Table structure for table `direcciones`
--

DROP TABLE IF EXISTS `direcciones`;
/*!40101 SET @saved_cs_client     = @@character_set_client */;
/*!50503 SET character_set_client = utf8mb4 */;
CREATE TABLE `direcciones` (
  `id_direccion` int unsigned NOT NULL AUTO_INCREMENT,
  `calle` varchar(150) NOT NULL,
  `num_ext` varchar(10) NOT NULL,
  `num_int` varchar(10) DEFAULT NULL,
  `id_colonia` int unsigned NOT NULL,
  PRIMARY KEY (`id_direccion`),
  UNIQUE KEY `id_colonia` (`id_colonia`,`calle`,`num_ext`,`num_int`),
  CONSTRAINT `direcciones_ibfk_1` FOREIGN KEY (`id_colonia`) REFERENCES `colonias` (`id_colonia`) ON DELETE RESTRICT ON UPDATE CASCADE
) ENGINE=InnoDB AUTO_INCREMENT=501 DEFAULT CHARSET=utf8mb4 COLLATE=utf8mb4_0900_ai_ci;
/*!40101 SET character_set_client = @saved_cs_client */;

--
-- Dumping data for table `direcciones`
--

LOCK TABLES `direcciones` WRITE;
/*!40000 ALTER TABLE `direcciones` DISABLE KEYS */;
INSERT INTO `direcciones` VALUES (361,'Avenida Montevideo','2304','3',7),(73,'Eje 10 Sur Copilco','1738',NULL,14),(384,'Boulevard Miguel Alemán','2181','12',19),(451,'Avenida Ejército Nacional','1855','126',22),(75,'Boulevard Kino','3057','113',22),(190,'Anillo Periférico','1180',NULL,24),(303,'Avenida 31 Poniente','183','318',30),(481,'Eje 3 Oriente','14','20',31),(324,'Boulevard Gómez Morín','4756','17',35),(301,'Avenida Lázaro Cárdenas','7495',NULL,37),(273,'Avenida Ejército Nacional','9023',NULL,40),(143,'Avenida San Jerónimo','5340','226',41),(435,'Avenida Itzaes','9392',NULL,47),(217,'Paseo de la Reforma Lomas','6991','109',48),(261,'Eje 8 Sur Popocatépetl','2758','205',49),(411,'División del Norte','7704','317',52),(90,'Eje 2 Norte','3537','323',53),(328,'Avenida Tulum','451','13',54),(105,'Avenida Itzaes','1184',NULL,59),(431,'Avenida Hermanos Serdán','1348','100',66),(395,'Boulevard Bernardo Quintana','7972',NULL,67),(348,'Avenida Patriotismo','3734','406',68),(334,'Avenida Morones Prieto','8677',NULL,70),(83,'Calzada de los Héroes','551','322',77),(266,'Avenida Tecnológico de Chihuahua','2190','405',87),(114,'Paseo de la Reforma Lomas','2417',NULL,87),(423,'Calzada de los Héroes','6708','424',99),(232,'Prolongación División del Norte','1142',NULL,102),(213,'Avenida Sonora','5700','418',104),(104,'Avenida Homero','5807','18',108),(312,'Prolongación Paseo de Montejo','7827','529',110),(77,'Avenida Presidente Masaryk','1792',NULL,111),(452,'Prolongación División del Norte','2009','104',114),(12,'Benito Juarez garcia','49','4',120),(288,'Avenida Vasco de Quiroga','8051',NULL,125),(278,'Boulevard Benito Juárez','9042',NULL,125),(13,'Avenida 1','34','6',130),(467,'Avenida Horacio','4749','210',131),(80,'Avenida Río San Joaquín','3577','528',133),(231,'Boulevard Belisario Domínguez','227',NULL,133),(136,'Eje 4 Sur Xola','3825',NULL,137),(107,'Avenida Revolución','6752','306',138),(291,'Vía Rápida Oriente','3335','316',138),(14,'Loreto Martinez','6367','3',140),(441,'Avenida Tecnológico de Chihuahua','5246','214',148),(317,'Boulevard José María Morelos','3699','18',148),(15,'Solano Gutierrez','485','4',150),(466,'Avenida Reforma Agraria','2029','313',157),(479,'Avenida Insurgentes Sur','3236',NULL,158),(345,'Avenida Insurgentes Sur','7035','328',158),(394,'Periférico Ecológico','8168','323',158),(16,'Revolucion','37','12',160),(254,'Avenida Álvaro Obregón','8576','217',161),(271,'Avenida 5 de Mayo','5444',NULL,164),(161,'Avenida Ejército Nacional','8699','309',166),(17,'Rayando el Sol','65',NULL,170),(281,'Avenida 20 de Noviembre','4436','108',176),(18,'Balcon de los edecanes','128','3',180),(461,'Avenida Parque Vía','3460','129',182),(497,'Boulevard Agua Caliente','378','513',186),(344,'Avenida Palmas','4144','212',187),(427,'Avenida Paseo de la Reforma','430','322',190),(19,'Brandy cheverny','4454','2',190),(140,'Avenida Constituyentes','2665','215',191),(242,'Río Churubusco','2592',NULL,192),(20,'Salsipuedes','43',NULL,200),(341,'Avenida Constituyentes de 1917','4173','323',215),(72,'Avenida Itzaes','8857',NULL,219),(176,'Eje 6 Sur Ángel Urraza','1981','510',223),(376,'Boulevard Agua Caliente','4977','106',225),(23,'Zaragoza','401','3',230),(250,'Boulevard Ortiz Mena','7443','402',231),(496,'Avenida Paseo de la Reforma','6544','421',234),(474,'Calzada Ignacio Zaragoza','1415',NULL,236),(118,'Avenida de los Insurgentes','6575','518',239),(24,'Camino de la plaza','139','103',240),(272,'Eje 10 Sur Copilco','6071','408',241),(244,'Boulevard Miguel Alemán','8675','226',242),(129,'Avenida Sonora','9306',NULL,246),(370,'Avenida Américas','7347','205',248),(25,'Virginia','33','1',250),(128,'Boulevard Manuel Ávila Camacho','4291','217',256),(465,'Periférico Ecológico','9867','21',256),(26,'Tijuana','923','8',260),(123,'Calzada de Tlalpan Sur','2938',NULL,262),(368,'Avenida Cuauhtémoc','6826','527',269),(468,'Boulevard Ortiz Mena','3786',NULL,269),(27,'Higuera','2553','4',270),(218,'Avenida Palmas','8307',NULL,272),(28,'Alfonzo Reyes','39','3',280),(357,'Boulevard Miguel Alemán','1037','229',280),(455,'Boulevard Forjadores','218','121',281),(29,'Calle 9','781',NULL,290),(135,'Ermita Iztapalapa','1033',NULL,291),(265,'Avenida Ejército Mexicano','4020',NULL,292),(157,'Boulevard Gómez Morín','3830','208',292),(478,'Boulevard Progreso','7812','227',292),(426,'Boulevard La Paz','9103','319',293),(263,'Periférico Manuel Gómez Morín','9574',NULL,293),(226,'Avenida Constituyentes','5739',NULL,297),(369,'Avenida Observatorio','6543','3',298),(3,'Francisco Villa','15','7',300),(30,'Ignacio Allende','79','11',300),(448,'Boulevard Agua Caliente','270',NULL,310),(298,'Boulevard Emiliano Zapata','8071','307',310),(31,'Las Americas','272','4',310),(71,'Avenida Revolución','3565',NULL,312),(416,'Avenida Vallarta','8833',NULL,312),(402,'Boulevard Agua Caliente','4806',NULL,319),(255,'Avenida Tecnológico de Toluca','1334','321',320),(32,'Independencia','92','2',320),(410,'Avenida Juárez','3633','321',321),(222,'Boulevard Campestre','9557','422',325),(360,'Boulevard Emiliano Zapata','4924','119',325),(165,'Eje 1 Norte Mosqueta','8981',NULL,325),(330,'Boulevard Valsequillo','8415',NULL,327),(311,'Boulevard Mariano Escobedo','5799','506',329),(33,'Progreso Nacional','679','9',330),(67,'Avenida 11 Sur','5677','417',339),(34,'Calle escalerillas','12','8',340),(388,'Avenida Marina Nacional','5620','206',347),(35,'Avenida Floresta','24',NULL,350),(297,'Avenida La Fe','4467',NULL,350),(475,'Avenida Taxqueña','3030','401',354),(460,'Calzada México-Xochimilco','4082','22',354),(36,'Villa Guerrero','89',NULL,360),(66,'Boulevard Aeropuerto','8490',NULL,369),(37,'Avenida 8','983','3',370),(280,'Boulevard Benito Juárez','9502','501',374),(167,'Avenida 11 Sur','5081','523',377),(121,'Boulevard Colosio','1208','121',377),(38,'Cerrada 2 Felipe Garcia','800','15',380),(262,'Calzada de los Misterios','7298','128',381),(111,'Avenida Revolución','3596','518',383),(245,'Avenida Ejército Mexicano','1666','523',384),(103,'Boulevard Insurgentes','9863','100',387),(39,'Emiliano Zapata','9',NULL,390),(160,'Avenida de las Américas','8503',NULL,394),(256,'Boulevard Colosio','3860',NULL,397),(40,'Oriente 25','8776','204',400),(4,'Plutarco Elías Calles','1485','2',400),(170,'Avenida Homero','33','105',402),(336,'Boulevard Torres Landa','4226','320',405),(432,'Avenida Américas','7509','3',406),(41,'Avenida 14','36','17',410),(398,'Avenida Patriotismo Sur','2266',NULL,415),(146,'Avenida Paseo de la Reforma','9599','524',418),(42,'Santa Maria','67',NULL,420),(319,'Boulevard Luis Donaldo Colosio','799','509',424),(224,'Boulevard Benito Juárez','4351','203',427),(392,'Avenida San Jerónimo','4592',NULL,429),(219,'Canal de Miramontes','795','14',429),(43,'Almazan Garcia','578','3',430),(485,'Periférico Ecológico','9764',NULL,430),(126,'Avenida Sonora','750',NULL,433),(147,'Avenida La Fe','6201','516',434),(462,'Avenida Itzaes','5087','524',437),(186,'Boulevard López Portillo','4093','213',442),(421,'Avenida Tecnológico de Querétaro','8034','401',450),(85,'Avenida Constituyentes','3781','215',453),(201,'Eje 1 Poniente Guerrero','232','310',453),(142,'Avenida Sonora','8062','216',456),(483,'Avenida Tamaulipas','2256','305',457),(447,'Avenida La Fe','3443','8',460),(230,'Avenida Hermanos Serdán','7079','305',471),(381,'Avenida Universidad','7545',NULL,476),(320,'Avenida Tecnológico de Monterrey','6058','521',477),(158,'Boulevard Aeropuerto','4855',NULL,477),(47,'Calle 96','43',NULL,480),(44,'Cuarta Avenida','7',NULL,480),(45,'La Plata','91','3',480),(46,'Republica de Colombia','292',NULL,480),(48,'Tehuantepec','370',NULL,480),(365,'Boulevard López Portillo','2100','109',486),(216,'Avenida Américas','5272','309',489),(49,'Esperanza','5380','56',490),(413,'Avenida Marina Nacional','6479','327',496),(363,'Avenida Eduardo Molina','6949','208',497),(207,'Boulevard Solidaridad','2711','24',498),(98,'Boulevard Kukulcán','4047',NULL,499),(5,'Mar Negro','25',NULL,500),(212,'Río Churubusco','5163',NULL,500),(50,'Uxmal','92','11',500),(238,'Eje 5 Sur','7803','17',502),(267,'Boulevard Campestre','6174','402',506),(51,'Tajin','14',NULL,510),(379,'Boulevard Gómez Morín','9118','15',513),(208,'Boulevard Benito Juárez','1934','308',514),(424,'Avenida Reforma Agraria','1432',NULL,515),(175,'Boulevard La Paz','9853','16',517),(52,'Cozumel','39','10',520),(399,'Paseo de la Reforma Lomas','6363',NULL,520),(120,'Avenida Morones Prieto','9896','312',521),(352,'Vía Rápida Oriente','296',NULL,521),(181,'Circuito Interior','6269','306',523),(400,'Avenida Héroe de Nacozari','145','9',532),(322,'Calzada México-Coyoacán','3986',NULL,541),(196,'Avenida Montevideo','8785','308',542),(86,'Boulevard Francisco Villa','3733',NULL,548),(53,'Antonio Sola','88',NULL,550),(55,'Mitla','1307',NULL,550),(54,'Veracruz','107',NULL,550),(84,'Calzada Acoxpa','4920','109',551),(78,'Avenida Miguel Ángel de Quevedo','9939',NULL,558),(56,'Bulgaria','3614','555',560),(337,'Avenida Reforma Agraria','7902','316',561),(57,'Norte 24','406','5',570),(484,'Avenida Patriotismo Sur','3872',NULL,577),(494,'Avenida Ejército Nacional','5710','525',578),(58,'Zampoala','14','1',580),(304,'Avenida San Jerónimo','3359','427',585),(169,'Avenida Central Carlos Hank González','2864',NULL,589),(430,'Avenida Oceanía','8286','16',589),(68,'Avenida Del Parque','1066',NULL,590),(59,'Sevilla','7800',NULL,590),(283,'Avenida Francisco I. Madero','2417','201',591),(286,'Periférico Manuel Gómez Morín','7748','525',592),(225,'Avenida Paseo de la Reforma','6477','412',594),(350,'Avenida Chapultepec','6003',NULL,595),(172,'Avenida Nuevo León','5209',NULL,604),(151,'Calzada Justo Sierra','4312',NULL,608),(444,'Boulevard López Portillo','2551',NULL,612),(96,'Circuito Interior','4326','529',619),(62,'Montoya','34','9',620),(154,'Calzada de los Héroes','1172',NULL,623),(63,'Rafael Oliva','12',NULL,630),(258,'Eje 6 Sur Ángel Urraza','3260',NULL,631),(202,'Avenida Ejército Nacional','2323','317',633),(152,'Avenida de las Américas','4676','213',640),(64,'San Andres','98','97',640),(443,'Avenida Juárez','8163','8',652),(436,'Canal de Miramontes','4454','29',652),(420,'Avenida Horacio','7081','308',658),(445,'Avenida Patriotismo Sur','8305','325',660),(333,'Boulevard Colosio Murrieta','856','210',662),(359,'Boulevard Francisco Villa','863','100',664),(493,'Canal de Miramontes','2','101',665),(358,'Avenida 20 de Noviembre','6453','413',669),(401,'Calzada México-Coyoacán','9071','317',669),(422,'Boulevard Díaz Ordaz','1667',NULL,676),(187,'Avenida Tecnológico','4128','113',677),(315,'Avenida La Fe','4122','502',680),(405,'Avenida Del Parque','6179','217',689),(215,'Eje 4 Sur Xola','5172',NULL,689),(454,'Boulevard Luis Donaldo Colosio','4063',NULL,692),(428,'Avenida Chapultepec','7364','523',698),(7,'18 de octubre','3',NULL,700),(374,'Avenida Colón','6316','217',706),(327,'Periférico Ecológico','2604','129',706),(253,'Boulevard La Paz','7344',NULL,708),(342,'Avenida de las Américas','1186','409',709),(95,'Avenida Parque Vía','1549','110',710),(203,'Calzada de Tlalpan','2839','429',713),(148,'Paseo de la Reforma Lomas','4224','110',724),(332,'Boulevard Francisco Villa','6658',NULL,727),(139,'Avenida Tecnológico de Monterrey','4361','205',737),(65,'Paseo Montejo','9936','309',739),(492,'Calzada de Tlalpan','4618','514',742),(383,'Avenida Canal del Norte','3115',NULL,745),(227,'Viaducto Miguel Alemán','5046','324',745),(306,'Avenida Parque Vía','6984',NULL,753),(375,'Boulevard Forjadores','5548',NULL,756),(137,'Canal de Miramontes','835','321',756),(277,'Avenida Del Parque','2426','512',766),(74,'Avenida Tamaulipas','3008',NULL,771),(183,'Paseo Tollocan','3321',NULL,772),(442,'Boulevard Emiliano Zapata','9984','516',774),(414,'Avenida de la Luz','6646','505',775),(195,'Avenida Fray Servando Teresa de Mier','5532',NULL,775),(487,'Eje 7 Sur Félix Cuevas','4137',NULL,778),(221,'Boulevard Colosio Murrieta','7018','212',783),(220,'Avenida Cuitláhuac','4625','215',795),(60,'Avenida Presidentes','540','20',800),(464,'Boulevard Manuel Ávila Camacho','6145',NULL,800),(6,'Chilpancingo','459','202',800),(8,'Industrial','36','12',800),(2,'Jardin Central','68','200',800),(21,'Los ejidales','207',NULL,800),(22,'Paseos de Portugal','44',NULL,800),(61,'Pirineos','74',NULL,800),(93,'Calzada de la Viga','8582','219',803),(199,'Periférico Ecológico','816','10',804),(408,'Boulevard Bernardo Quintana','6875',NULL,806),(241,'Avenida Palmas','5095','24',808),(367,'Eje Central Lázaro Cárdenas','1710','27',808),(323,'Avenida Eugenio Garza Sada','8422','513',813),(204,'Eje 2 Oriente Congreso de la Unión','438',NULL,814),(377,'Avenida 16 de Septiembre','164','101',827),(102,'Eje 4 Sur Xola','5753','517',834),(389,'Avenida 100 Metros','9918','19',835),(321,'Río Churubusco','9406',NULL,839),(156,'Boulevard Insurgentes','1996','21',846),(302,'Avenida Nuevo León','4473','227',853),(373,'Viaducto Miguel Alemán','7822','314',853),(234,'Paseo Montejo','2819','518',855),(82,'Circuito Interior','5882','505',858),(149,'Avenida 5 de Mayo','1635',NULL,861),(257,'Eje 2 Norte','1609','119',861),(101,'Calzada Independencia','9146','208',864),(378,'Eje 7 Sur Félix Cuevas','447','105',865),(127,'Avenida Eugenio Garza Sada','5248','419',872),(279,'Avenida Tamaulipas','7676','426',875),(166,'Calzada Ignacio Zaragoza','3057','419',875),(268,'Boulevard Solidaridad','4683','312',877),(282,'Avenida Río San Joaquín','2083',NULL,878),(380,'Boulevard Díaz Ordaz','8304','416',887),(418,'Avenida 5 de Mayo','2242','11',888),(293,'Paseo Montejo','9831','319',888),(130,'Prolongación Paseo de Montejo','1468',NULL,888),(329,'Avenida San Jerónimo','6358','405',889),(223,'Avenida Juárez','9765','105',899),(174,'Avenida Universidad','6060','327',899),(9,'Petalo','25','2',900),(295,'Avenida Insurgentes Sur','3285','211',901),(92,'Avenida Central Carlos Hank González','7435','9',907),(347,'Boulevard José María Morelos','214','408',908),(500,'Avenida Oceanía','3684','7',910),(179,'Avenida Nuevo León','7202','416',913),(145,'Avenida Vallarta','9014','203',915),(188,'Avenida Zaragoza','5664','429',915),(88,'Ermita Iztapalapa','3329',NULL,918),(307,'Boulevard Francisco Villa','9547',NULL,919),(100,'Boulevard Colosio Murrieta','675','409',929),(97,'Calzada de los Misterios','9182','308',929),(453,'Avenida Morones Prieto','1226','310',931),(495,'Avenida Universidad','5935',NULL,937),(109,'Avenida Marina Nacional','4600',NULL,938),(117,'Boulevard Emiliano Zapata','5356',NULL,938),(193,'Boulevard Belisario Domínguez','7223',NULL,946),(106,'Avenida Independencia','948','506',948),(318,'Avenida Héroe de Nacozari','4276','227',952),(164,'Calzada Zavaleta','1129','124',952),(449,'Eje 7 Sur Félix Cuevas','4012','228',952),(94,'Calle 60','885',NULL,960),(163,'Boulevard Miguel Alemán','8316','206',962),(124,'Avenida Revolución','9195',NULL,964),(79,'Eje 1 Poniente Guerrero','4540','115',964),(296,'Boulevard Kukulcán','1637','526',967),(294,'Avenida Presidente Masaryk','8163','415',968),(260,'Avenida Américas','3619','510',970),(356,'Boulevard Colosio','6815','123',975),(314,'Avenida Cuauhtémoc','2756','315',980),(299,'Calle 60','4809','18',982),(87,'Avenida Nuevo León','802','505',987),(81,'Avenida López Mateos','7394',NULL,992),(276,'Boulevard Insurgentes','6321','107',992),(305,'Periférico de la Juventud','2189','128',992),(300,'Avenida José María Rico','4138','205',994),(180,'Prolongación Paseo de Montejo','439','418',994),(10,'Calle 10','17',NULL,1000),(1,'Cerro Acasulco','35','49',1000),(211,'Periférico de la Juventud','8841','108',1013),(292,'Avenida 31 Poniente','1188','128',1015),(489,'Avenida Revolución','8106',NULL,1018),(480,'Avenida Cuauhtémoc','8970','421',1019),(141,'Boulevard José María Morelos','2358','414',1019),(390,'Ermita Iztapalapa','5638','106',1028),(353,'Avenida Tecnológico de Toluca','2516',NULL,1033),(162,'Calle 60','9501','309',1037),(387,'Boulevard Vicente Valtierra','8555','209',1038),(246,'Calzada de Guadalupe','8572','303',1038),(335,'Eje 3 Oriente','4906','221',1042),(184,'Boulevard Díaz Ordaz','5037',NULL,1043),(355,'Calzada del Hueso','3580','301',1044),(371,'Calzada Acoxpa','19',NULL,1054),(233,'Avenida Álvaro Obregón','4706','217',1055),(313,'Avenida Horacio','2798','203',1056),(403,'Avenida 100 Metros','7925',NULL,1058),(284,'Avenida 5 de Mayo','1853',NULL,1062),(185,'Avenida Vasco de Quiroga','5944',NULL,1068),(177,'Avenida Hermanos Serdán','1519',NULL,1071),(198,'Avenida Tecnológico','2923','226',1072),(249,'Avenida 11 Sur','2264','309',1075),(122,'Avenida Alfredo del Mazo','9388','400',1080),(409,'Boulevard Felipe Ángeles','1243','510',1081),(472,'Avenida Homero','6538',NULL,1088),(417,'Avenida Eugenio Garza Sada','3759','302',1094),(397,'Paseo Tollocan','6073','307',1095),(386,'Viaducto Miguel Alemán','1947',NULL,1096),(340,'Boulevard Felipe Ángeles','1939',NULL,1100),(11,'Miramontes','2803',NULL,1100),(364,'Avenida Álvaro Obregón','8342',NULL,1104),(247,'Eje 2 Oriente Congreso de la Unión','5331',NULL,1105),(285,'Ermita Iztapalapa','5657','29',1117),(498,'Eje 9 Sur','3740','103',1119),(275,'Avenida Patriotismo Sur','3602','127',1120),(155,'Avenida Horacio','5078','106',1121),(412,'Boulevard Belisario Domínguez','6369','322',1132),(309,'Avenida Costera Miguel Alemán','8517','513',1134),(366,'Avenida Eduardo Molina','5867',NULL,1139),(251,'Avenida Vallarta','8691','23',1142),(192,'Calzada del Hueso','7398','224',1148),(209,'Eje 1 Norte Mosqueta','2939','124',1161),(113,'Boulevard Torres Landa','3567',NULL,1164),(269,'Avenida Palmas','276','204',1181),(446,'Avenida La Fe','5139','418',1182),(404,'Boulevard Vicente Valtierra','3269',NULL,1182),(477,'Avenida Eduardo Molina','5991','224',1185),(473,'Boulevard Forjadores','6778','527',1185),(289,'Avenida Tulum','9464','121',1187),(274,'Avenida Río San Joaquín','5093','318',1198),(425,'Avenida Tulum','7143','217',1198),(153,'Eje 1 Poniente Guerrero','3186','420',1201),(171,'Calzada San Antonio Abad','5119','520',1203),(112,'Avenida Central Carlos Hank González','1057','217',1205),(206,'Prolongación División del Norte','9706','127',1206),(351,'Boulevard Atlixcáyotl','7788',NULL,1216),(229,'Calzada Zavaleta','470',NULL,1217),(70,'División del Norte','2490',NULL,1217),(252,'Avenida 5 de Febrero','3781',NULL,1219),(463,'Boulevard Luis Donaldo Colosio','7165','115',1225),(264,'Calzada de los Héroes','2182','125',1229),(343,'Avenida Colón','59',NULL,1231),(108,'Eje 8 Sur Popocatépetl','6147','8',1233),(308,'Avenida Benito Juárez','8000','422',1238),(458,'Calzada México-Tacuba','7572','304',1238),(407,'Avenida Tamaulipas','8474','419',1240),(459,'Avenida San Cosme','9508','108',1241),(433,'Avenida Horacio','3379',NULL,1251),(159,'Paseo Tollocan','4942','102',1255),(490,'Eje 1 Norte Mosqueta','7737','1',1256),(316,'Eje Central Lázaro Cárdenas','3717','527',1265),(134,'Avenida La Fe','5612','123',1266),(450,'Eje 5 Sur','1131',NULL,1276),(471,'Avenida 20 de Noviembre','5744',NULL,1277),(434,'Avenida Lázaro Cárdenas','5638','520',1277),(456,'Avenida San Jerónimo','7983','228',1279),(214,'Boulevard Mariano Escobedo','8289','200',1279),(396,'Boulevard Valsequillo','6582','108',1279),(362,'Avenida Palmas','1115','226',1289),(132,'Boulevard Torres Landa','4277',NULL,1291),(91,'Eje 2 Norte','4894','515',1296),(476,'Avenida Observatorio','6650','7',1300),(89,'Boulevard Campestre','7915','512',1306),(429,'Eje 1 Poniente Guerrero','4944',NULL,1309),(439,'Paseo de la Reforma Lomas','9584',NULL,1309),(382,'Boulevard Emiliano Zapata','2757','15',1310),(191,'Boulevard Kukulcán','7889','526',1310),(150,'Calzada Independencia','8049',NULL,1310),(110,'Avenida Ejército Mexicano','6240',NULL,1311),(239,'Avenida Ejército Nacional','9403','111',1320),(138,'Calzada Vallejo','6010',NULL,1322),(391,'Boulevard Atlixcáyotl','9399','405',1331),(119,'Boulevard Adolfo López Mateos','3029','3',1333),(419,'Boulevard Colosio Murrieta','2394',NULL,1333),(210,'Calzada de Guadalupe','3505','314',1340),(205,'Calzada de la Viga','2872','200',1342),(437,'Avenida Tulum','4370','26',1344),(248,'Calzada de la Viga','6844','410',1345),(354,'Avenida Tecnológico de Toluca','7761','316',1347),(194,'Boulevard Gómez Morín','6531','319',1351),(125,'Boulevard Bernardo Quintana','9289','123',1356),(270,'Boulevard La Paz','7050','316',1362),(438,'Boulevard Campestre','4870',NULL,1369),(182,'Avenida Tulum','9004',NULL,1371),(99,'Eje 7 Sur Félix Cuevas','1670','14',1377),(144,'Río Churubusco','2409','19',1380),(469,'Avenida 100 Metros','2667','313',1386),(173,'Avenida Ejército Nacional','3420',NULL,1389),(349,'Avenida Camelinas','2825','128',1391),(393,'Avenida Patriotismo','7085','319',1398),(236,'Avenida de los Insurgentes','397','421',1399),(168,'Avenida Cuitláhuac','5967','519',1401),(415,'Avenida Colón','1180','220',1404),(491,'Avenida Eugenio Garza Sada','1809',NULL,1405),(240,'Avenida de los Insurgentes','7422',NULL,1406),(243,'Boulevard Vicente Valtierra','4209','506',1407),(440,'Avenida Tecnológico de Querétaro','7640',NULL,1408),(200,'Avenida Constituyentes de 1917','9689','202',1416),(178,'Boulevard Ortiz Mena','4343','6',1416),(457,'Calzada Acoxpa','1402',NULL,1416),(346,'Avenida Canal del Norte','3665',NULL,1426),(116,'Eje 2 Oriente Congreso de la Unión','3524','413',1429),(228,'División del Norte','6448','119',1433),(131,'Avenida Lázaro Cárdenas','5901','14',1436),(470,'Boulevard Adolfo López Mateos','1533','214',1437),(385,'Calzada México-Xochimilco','6042','302',1442),(287,'Boulevard Campestre','4820',NULL,1443),(235,'Avenida de las Américas','373','429',1445),(486,'Avenida Cuitláhuac','9953',NULL,1446),(325,'División del Norte','7197','428',1446),(197,'Boulevard José María Morelos','4935',NULL,1447),(133,'Avenida Constituyentes de 1917','5944',NULL,1449),(339,'Avenida Nuevo León','7829','406',1454),(372,'Avenida 31 Poniente','6929','429',1455),(237,'Calzada Ignacio Zaragoza','4006','321',1458),(76,'Boulevard Torres Landa','6806',NULL,1466),(259,'Avenida Tamaulipas','4524',NULL,1468),(69,'Calzada Independencia','6826','26',1469),(331,'Avenida Lázaro Cárdenas','6521','4',1475),(290,'Avenida Tecnológico de Querétaro','2254','322',1475),(499,'Calzada Zavaleta','1293','314',1477),(488,'Eje 7 Sur Félix Cuevas','1984','327',1478),(406,'Avenida de los Insurgentes','451','5',1481),(482,'Periférico Manuel Gómez Morín','9030','223',1481),(189,'Boulevard Gómez Morín','2526','314',1486),(338,'Eje 1 Norte Mosqueta','6391',NULL,1489),(115,'Ermita Iztapalapa','2899',NULL,1494),(310,'Boulevard Díaz Ordaz','7406','520',1499),(326,'Avenida 31 Poniente','7509','509',1506);
/*!40000 ALTER TABLE `direcciones` ENABLE KEYS */;
UNLOCK TABLES;

--
-- Table structure for table `estados`
--

DROP TABLE IF EXISTS `estados`;
/*!40101 SET @saved_cs_client     = @@character_set_client */;
/*!50503 SET character_set_client = utf8mb4 */;
CREATE TABLE `estados` (
  `clave` char(2) NOT NULL,
  `nombre` varchar(40) NOT NULL,
  PRIMARY KEY (`clave`),
  UNIQUE KEY `nombre` (`nombre`)
) ENGINE=InnoDB DEFAULT CHARSET=utf8mb4 COLLATE=utf8mb4_0900_ai_ci;
/*!40101 SET character_set_client = @saved_cs_client */;

--
-- Dumping data for table `estados`
--

LOCK TABLES `estados` WRITE;
/*!40000 ALTER TABLE `estados` DISABLE KEYS */;
INSERT INTO `estados` VALUES ('01','Aguascalientes'),('02','Baja California'),('03','Baja California Sur'),('04','Campeche'),('07','Chiapas'),('08','Chihuahua'),('09','Ciudad de México'),('05','Coahulia'),('06','Colima'),('10','Durango'),('11','Estado de México'),('12','Guanajuato'),('13','Guerrero'),('14','Hidalgo'),('15','Jalisco'),('16','Michoacán'),('17','Morelos'),('18','Nayarit'),('19','Nuevo León'),('20','Oaxaca'),('21','Puebla'),('22','Querétaro'),('23','Quintana Roo'),('24','San Luis Potosí'),('25','Sinaloa'),('26','Sonora'),('27','Tabasco'),('28','Tamaulipas'),('29','Tlaxcala'),('30','Veracruz'),('31','Yucatán'),('32','Zacatecas');
/*!40000 ALTER TABLE `estados` ENABLE KEYS */;
UNLOCK TABLES;

--
-- Table structure for table `inventario`
--

DROP TABLE IF EXISTS `inventario`;
/*!40101 SET @saved_cs_client     = @@character_set_client */;
/*!50503 SET character_set_client = utf8mb4 */;
CREATE TABLE `inventario` (
  `inventario_id` int unsigned NOT NULL AUTO_INCREMENT,
  `talla_id` int unsigned NOT NULL,
  `modelo_id` int unsigned NOT NULL,
  `color_id` int unsigned NOT NULL,
  PRIMARY KEY (`inventario_id`),
  KEY `talla_id` (`talla_id`),
  KEY `modelo_id` (`modelo_id`),
  KEY `color_id` (`color_id`),
  CONSTRAINT `inventario_ibfk_1` FOREIGN KEY (`talla_id`) REFERENCES `tallas` (`talla_id`) ON DELETE RESTRICT ON UPDATE CASCADE,
  CONSTRAINT `inventario_ibfk_2` FOREIGN KEY (`modelo_id`) REFERENCES `modelos` (`modelo_id`) ON DELETE CASCADE ON UPDATE CASCADE,
  CONSTRAINT `inventario_ibfk_3` FOREIGN KEY (`color_id`) REFERENCES `colores` (`color_id`) ON DELETE RESTRICT ON UPDATE CASCADE
) ENGINE=InnoDB AUTO_INCREMENT=1001 DEFAULT CHARSET=utf8mb4 COLLATE=utf8mb4_0900_ai_ci;
/*!40101 SET character_set_client = @saved_cs_client */;

--
-- Dumping data for table `inventario`
--

LOCK TABLES `inventario` WRITE;
/*!40000 ALTER TABLE `inventario` DISABLE KEYS */;
INSERT INTO `inventario` VALUES (1,10,156,88),(2,12,57,96),(3,10,169,98),(4,14,176,45),(5,3,137,22),(6,3,21,79),(7,8,107,59),(8,23,33,95),(9,1,141,77),(10,7,55,8),(11,16,139,32),(12,4,179,78),(13,1,2,85),(14,6,69,99),(15,10,48,41),(16,1,186,61),(17,1,139,92),(18,4,11,62),(19,1,156,22),(20,9,150,36),(21,16,112,97),(22,15,65,89),(23,8,116,32),(24,16,9,46),(25,14,155,54),(26,2,112,5),(27,10,194,23),(28,9,192,82),(29,8,83,50),(30,8,77,30),(31,15,69,12),(32,21,173,78),(33,2,53,12),(34,15,124,62),(35,21,164,22),(36,12,113,4),(37,10,146,83),(38,15,143,5),(39,21,144,68),(40,9,79,51),(41,2,1,94),(42,14,25,97),(43,5,89,5),(44,23,78,14),(45,13,32,49),(46,9,64,38),(47,8,153,14),(48,10,14,87),(49,2,80,73),(50,15,63,72),(51,14,152,45),(52,18,180,84),(53,12,155,15),(54,15,91,14),(55,2,125,10),(56,16,8,71),(57,23,156,99),(58,1,106,98),(59,3,41,49),(60,20,17,36),(61,8,118,58),(62,5,177,82),(63,8,91,84),(64,11,17,56),(65,10,151,61),(66,7,199,73),(67,5,18,4),(68,2,46,23),(69,23,111,67),(70,11,71,17),(71,15,103,70),(72,21,196,15),(73,6,80,2),(74,20,75,51),(75,10,19,75),(76,7,48,29),(77,17,178,83),(78,9,182,17),(79,18,23,95),(80,11,146,68),(81,22,22,6),(82,20,55,36),(83,13,195,70),(84,11,186,34),(85,10,32,11),(86,4,197,86),(87,3,12,97),(88,9,93,68),(89,23,122,34),(90,21,138,47),(91,21,182,55),(92,20,105,27),(93,3,77,75),(94,19,60,37),(95,3,177,100),(96,2,150,57),(97,12,15,87),(98,1,105,83),(99,22,69,4),(100,12,25,21),(101,10,191,12),(102,5,38,67),(103,3,164,63),(104,10,57,80),(105,22,97,43),(106,21,8,19),(107,22,62,71),(108,8,115,91),(109,19,179,49),(110,14,188,84),(111,22,73,83),(112,5,66,94),(113,5,189,46),(114,4,32,50),(115,8,196,92),(116,4,164,46),(117,1,182,38),(118,22,165,82),(119,15,77,37),(120,19,50,70),(121,3,65,39),(122,10,90,23),(123,18,174,45),(124,12,21,53),(125,8,198,34),(126,8,171,38),(127,8,55,39),(128,20,139,67),(129,7,115,68),(130,2,99,11),(131,19,199,14),(132,17,59,65),(133,13,66,61),(134,3,16,27),(135,19,141,1),(136,6,12,24),(137,14,106,40),(138,22,48,8),(139,22,176,92),(140,21,161,23),(141,10,114,1),(142,5,51,73),(143,23,170,76),(144,11,73,64),(145,15,54,11),(146,12,100,3),(147,15,132,79),(148,9,40,16),(149,20,28,52),(150,6,167,67),(151,9,142,56),(152,23,23,57),(153,1,136,96),(154,16,7,69),(155,16,9,49),(156,12,66,37),(157,10,43,86),(158,21,52,7),(159,13,67,40),(160,17,161,94),(161,12,60,82),(162,11,64,23),(163,7,181,28),(164,20,43,43),(165,12,97,71),(166,12,172,20),(167,1,104,93),(168,3,49,4),(169,9,124,63),(170,15,70,42),(171,13,113,8),(172,12,192,52),(173,14,169,25),(174,8,136,49),(175,18,145,45),(176,9,123,39),(177,18,181,28),(178,2,181,94),(179,17,191,40),(180,2,10,51),(181,19,27,31),(182,23,104,50),(183,15,168,19),(184,14,80,2),(185,18,163,75),(186,19,7,20),(187,13,144,23),(188,12,60,84),(189,19,133,22),(190,16,24,32),(191,4,175,5),(192,9,149,23),(193,7,146,19),(194,17,65,52),(195,18,166,19),(196,1,81,5),(197,3,90,94),(198,18,13,61),(199,14,187,100),(200,20,152,41),(201,3,87,86),(202,11,109,37),(203,8,36,55),(204,23,39,3),(205,17,64,17),(206,2,93,7),(207,2,73,60),(208,13,129,55),(209,13,162,62),(210,18,41,27),(211,5,113,47),(212,8,54,1),(213,2,132,38),(214,12,22,100),(215,21,10,40),(216,12,182,17),(217,11,5,25),(218,1,11,99),(219,14,107,92),(220,8,97,2),(221,9,17,80),(222,10,22,7),(223,10,171,67),(224,17,74,89),(225,11,146,84),(226,18,6,73),(227,19,181,59),(228,20,90,71),(229,8,174,36),(230,23,43,80),(231,12,31,9),(232,15,147,80),(233,21,118,58),(234,6,176,51),(235,18,174,12),(236,23,199,98),(237,6,73,3),(238,15,171,33),(239,20,176,30),(240,16,86,16),(241,4,44,87),(242,5,134,74),(243,17,151,42),(244,18,144,94),(245,9,130,99),(246,5,148,82),(247,17,96,59),(248,4,62,83),(249,1,23,72),(250,8,65,23),(251,15,49,78),(252,3,134,69),(253,10,21,69),(254,17,155,56),(255,10,61,31),(256,7,44,13),(257,16,49,99),(258,5,51,5),(259,3,71,7),(260,23,66,29),(261,20,122,21),(262,21,55,90),(263,1,27,58),(264,6,64,75),(265,5,119,18),(266,7,154,58),(267,4,37,68),(268,18,70,63),(269,16,97,49),(270,8,133,37),(271,13,110,51),(272,12,190,32),(273,14,52,53),(274,11,43,54),(275,20,191,48),(276,4,115,71),(277,11,5,56),(278,17,99,54),(279,13,171,29),(280,12,99,43),(281,5,124,55),(282,23,7,81),(283,12,142,10),(284,2,194,89),(285,15,171,79),(286,12,149,40),(287,7,158,35),(288,3,112,17),(289,11,110,87),(290,5,146,31),(291,7,29,33),(292,17,14,93),(293,15,97,15),(294,8,122,88),(295,16,76,36),(296,23,26,63),(297,2,73,74),(298,7,149,68),(299,20,112,98),(300,7,132,7),(301,3,105,10),(302,16,74,77),(303,14,161,82),(304,16,135,97),(305,16,4,26),(306,9,113,36),(307,18,176,61),(308,9,31,89),(309,22,130,64),(310,23,97,20),(311,10,8,97),(312,16,39,33),(313,9,125,42),(314,8,182,3),(315,9,167,65),(316,14,105,2),(317,14,4,80),(318,21,147,37),(319,5,78,74),(320,16,111,55),(321,12,77,75),(322,23,115,100),(323,16,131,18),(324,20,81,67),(325,17,163,71),(326,23,116,47),(327,22,188,61),(328,12,179,78),(329,16,123,73),(330,23,14,57),(331,14,60,97),(332,17,20,84),(333,14,123,55),(334,22,31,76),(335,1,59,54),(336,23,197,80),(337,8,171,9),(338,8,67,59),(339,15,99,7),(340,14,95,98),(341,22,60,4),(342,8,196,53),(343,8,59,34),(344,17,112,93),(345,12,75,39),(346,3,5,17),(347,23,147,74),(348,15,150,85),(349,6,100,18),(350,12,73,4),(351,1,200,80),(352,12,91,63),(353,14,132,3),(354,6,83,51),(355,1,185,39),(356,5,91,86),(357,2,122,78),(358,11,70,68),(359,2,42,91),(360,19,185,41),(361,16,67,87),(362,14,51,59),(363,13,162,53),(364,19,100,36),(365,21,23,62),(366,16,182,50),(367,10,138,69),(368,17,113,14),(369,3,115,86),(370,12,127,80),(371,2,160,97),(372,9,122,9),(373,3,4,93),(374,4,188,59),(375,7,58,37),(376,1,76,64),(377,3,157,30),(378,23,126,5),(379,6,58,87),(380,12,76,86),(381,10,177,89),(382,7,40,76),(383,1,49,7),(384,18,40,2),(385,18,122,53),(386,21,56,77),(387,17,76,54),(388,21,53,99),(389,8,17,51),(390,5,50,95),(391,16,13,67),(392,10,14,15),(393,17,77,25),(394,6,36,2),(395,13,18,53),(396,21,168,97),(397,14,79,59),(398,8,21,66),(399,1,138,44),(400,17,193,20),(401,4,92,17),(402,18,176,1),(403,10,27,51),(404,14,147,68),(405,3,103,97),(406,1,38,33),(407,17,65,16),(408,1,75,11),(409,14,198,55),(410,16,85,52),(411,21,127,50),(412,18,77,45),(413,11,3,48),(414,10,185,18),(415,18,3,76),(416,4,104,77),(417,18,70,18),(418,12,171,89),(419,18,15,33),(420,23,130,98),(421,17,111,3),(422,4,197,97),(423,21,199,65),(424,20,99,8),(425,22,49,27),(426,12,59,18),(427,1,147,82),(428,9,92,91),(429,4,76,69),(430,17,173,35),(431,3,88,95),(432,9,44,23),(433,19,19,53),(434,12,109,18),(435,10,147,48),(436,21,160,36),(437,1,54,10),(438,19,109,88),(439,16,180,22),(440,3,84,63),(441,18,9,54),(442,23,38,80),(443,12,181,60),(444,18,157,96),(445,2,134,26),(446,13,11,33),(447,21,3,39),(448,9,156,85),(449,23,107,42),(450,10,76,20),(451,16,70,67),(452,7,37,37),(453,23,97,76),(454,10,87,59),(455,1,186,88),(456,17,196,70),(457,14,59,95),(458,13,20,5),(459,7,57,89),(460,6,33,61),(461,14,200,4),(462,13,102,17),(463,18,186,9),(464,22,117,31),(465,13,108,8),(466,16,19,100),(467,10,176,31),(468,5,75,20),(469,23,195,30),(470,14,92,69),(471,20,36,52),(472,14,129,19),(473,8,167,57),(474,15,128,49),(475,17,197,63),(476,16,57,34),(477,10,190,43),(478,14,106,72),(479,15,190,12),(480,9,73,56),(481,10,150,66),(482,23,68,98),(483,5,167,1),(484,18,21,56),(485,5,116,46),(486,19,78,26),(487,17,81,33),(488,10,104,11),(489,13,30,5),(490,15,140,90),(491,7,180,57),(492,5,165,79),(493,12,86,85),(494,21,147,4),(495,1,184,16),(496,4,82,37),(497,8,26,84),(498,10,2,44),(499,19,35,82),(500,15,8,24),(501,23,82,59),(502,3,130,79),(503,7,128,66),(504,11,175,83),(505,5,49,39),(506,23,139,58),(507,14,81,12),(508,19,110,27),(509,1,58,46),(510,1,39,77),(511,12,85,44),(512,6,192,9),(513,23,160,99),(514,4,56,2),(515,5,15,82),(516,3,32,50),(517,13,64,1),(518,17,173,87),(519,22,51,18),(520,19,7,44),(521,3,53,34),(522,15,170,47),(523,19,197,19),(524,21,27,11),(525,14,55,58),(526,8,23,63),(527,22,55,50),(528,10,45,77),(529,13,3,50),(530,20,162,77),(531,4,181,59),(532,17,103,10),(533,22,75,82),(534,9,200,9),(535,8,68,2),(536,6,42,94),(537,22,78,12),(538,10,180,25),(539,8,78,80),(540,13,73,70),(541,17,106,69),(542,23,149,6),(543,8,58,15),(544,6,101,61),(545,3,104,75),(546,21,180,14),(547,19,84,75),(548,16,177,96),(549,5,4,26),(550,10,20,92),(551,21,141,73),(552,18,128,100),(553,1,163,92),(554,1,64,71),(555,14,83,95),(556,5,174,48),(557,20,61,30),(558,10,80,77),(559,23,54,8),(560,13,181,77),(561,7,15,49),(562,22,16,59),(563,16,65,81),(564,19,121,86),(565,20,71,15),(566,22,3,37),(567,9,164,47),(568,1,43,95),(569,11,115,45),(570,22,73,92),(571,12,29,33),(572,1,103,71),(573,12,6,31),(574,20,59,17),(575,21,103,11),(576,20,104,93),(577,8,193,91),(578,15,29,12),(579,6,129,98),(580,1,186,84),(581,23,108,24),(582,13,198,85),(583,11,114,91),(584,17,144,77),(585,4,147,5),(586,21,49,21),(587,3,139,61),(588,8,33,53),(589,4,95,22),(590,1,68,34),(591,21,48,32),(592,18,58,26),(593,1,12,75),(594,9,162,40),(595,21,70,71),(596,6,23,36),(597,22,100,53),(598,2,149,15),(599,3,107,89),(600,14,50,92),(601,12,95,89),(602,7,79,89),(603,12,68,95),(604,20,96,53),(605,16,80,68),(606,9,153,87),(607,1,200,44),(608,13,93,78),(609,16,102,51),(610,19,15,54),(611,20,168,55),(612,10,103,35),(613,9,55,91),(614,12,5,33),(615,17,175,75),(616,3,92,23),(617,11,87,58),(618,16,198,53),(619,9,171,6),(620,9,61,87),(621,9,106,18),(622,1,134,84),(623,18,61,24),(624,10,177,10),(625,8,133,2),(626,19,127,32),(627,12,29,14),(628,15,130,63),(629,22,94,5),(630,5,12,60),(631,15,150,46),(632,7,182,76),(633,18,99,87),(634,22,34,13),(635,16,168,71),(636,21,135,91),(637,14,178,48),(638,20,10,36),(639,7,181,48),(640,16,43,74),(641,20,22,39),(642,13,167,70),(643,3,131,14),(644,23,180,45),(645,7,140,15),(646,1,149,86),(647,9,104,42),(648,2,101,43),(649,14,192,96),(650,11,43,21),(651,16,76,60),(652,3,129,55),(653,23,156,60),(654,20,169,90),(655,7,38,2),(656,10,198,13),(657,9,184,21),(658,3,115,26),(659,4,199,33),(660,16,64,23),(661,4,134,83),(662,1,2,38),(663,15,183,60),(664,11,27,71),(665,3,124,76),(666,11,5,20),(667,23,117,11),(668,10,162,7),(669,18,197,90),(670,19,14,67),(671,20,84,54),(672,4,10,20),(673,4,174,53),(674,22,51,11),(675,4,16,38),(676,4,152,3),(677,2,129,56),(678,10,130,56),(679,20,106,59),(680,11,28,56),(681,14,165,90),(682,21,101,56),(683,6,1,93),(684,5,2,4),(685,10,197,40),(686,6,160,49),(687,23,124,15),(688,19,9,71),(689,7,50,14),(690,14,67,78),(691,21,111,86),(692,5,146,99),(693,11,72,72),(694,12,56,82),(695,8,61,91),(696,19,13,58),(697,22,142,38),(698,22,102,64),(699,17,163,16),(700,17,28,7),(701,8,20,64),(702,13,33,66),(703,7,61,97),(704,17,42,8),(705,20,29,98),(706,17,161,20),(707,14,51,91),(708,22,141,28),(709,7,145,74),(710,9,165,4),(711,9,126,24),(712,6,13,67),(713,12,78,10),(714,2,57,95),(715,16,36,80),(716,14,35,76),(717,16,71,70),(718,21,194,99),(719,1,158,81),(720,15,46,12),(721,4,156,40),(722,23,45,38),(723,21,136,95),(724,12,187,89),(725,5,24,73),(726,15,96,53),(727,10,185,9),(728,17,87,17),(729,19,163,10),(730,2,125,15),(731,22,30,79),(732,3,58,2),(733,2,31,74),(734,3,72,67),(735,10,157,58),(736,20,74,46),(737,14,158,28),(738,4,126,4),(739,3,152,78),(740,3,35,72),(741,14,18,98),(742,18,52,39),(743,18,38,55),(744,11,184,52),(745,10,111,72),(746,9,119,50),(747,13,122,37),(748,1,40,92),(749,18,174,15),(750,8,195,41),(751,23,43,56),(752,18,190,96),(753,1,24,54),(754,15,82,30),(755,18,200,42),(756,13,36,1),(757,6,140,85),(758,1,192,76),(759,19,35,33),(760,9,73,19),(761,5,83,18),(762,13,122,52),(763,18,166,80),(764,9,75,60),(765,9,7,75),(766,14,30,53),(767,16,68,15),(768,21,94,82),(769,14,57,17),(770,20,116,12),(771,21,47,25),(772,1,31,63),(773,6,55,7),(774,22,69,9),(775,2,95,24),(776,11,23,34),(777,16,57,42),(778,3,19,16),(779,15,122,39),(780,20,99,30),(781,9,110,87),(782,6,155,5),(783,11,136,14),(784,6,133,8),(785,9,174,63),(786,23,89,72),(787,15,135,7),(788,19,126,19),(789,22,150,35),(790,6,176,66),(791,4,3,2),(792,21,126,47),(793,3,8,74),(794,2,71,3),(795,19,134,52),(796,17,115,66),(797,12,120,90),(798,6,106,43),(799,18,103,79),(800,5,36,47),(801,20,45,75),(802,9,88,27),(803,23,119,92),(804,11,19,43),(805,11,5,11),(806,1,81,92),(807,21,44,72),(808,18,143,99),(809,22,173,43),(810,12,106,12),(811,16,54,21),(812,11,194,60),(813,17,4,96),(814,20,172,39),(815,19,21,56),(816,9,3,98),(817,20,12,44),(818,19,105,11),(819,3,130,74),(820,23,94,68),(821,7,27,72),(822,20,151,92),(823,15,104,3),(824,7,110,19),(825,14,199,93),(826,16,118,73),(827,17,84,60),(828,9,42,92),(829,17,121,89),(830,13,54,32),(831,14,71,53),(832,19,84,60),(833,16,174,81),(834,8,146,84),(835,10,65,43),(836,8,24,77),(837,12,60,3),(838,22,52,46),(839,2,148,4),(840,2,158,32),(841,15,23,74),(842,4,76,71),(843,16,24,99),(844,20,105,46),(845,16,127,52),(846,4,164,36),(847,11,111,29),(848,2,9,4),(849,18,108,24),(850,23,199,60),(851,13,153,52),(852,20,146,2),(853,19,49,21),(854,22,184,46),(855,21,52,94),(856,6,115,58),(857,16,105,100),(858,3,169,100),(859,7,102,75),(860,7,171,14),(861,4,195,95),(862,22,177,26),(863,13,53,50),(864,17,144,58),(865,18,134,22),(866,11,97,16),(867,22,10,35),(868,12,175,3),(869,9,128,80),(870,10,35,84),(871,15,40,2),(872,20,195,68),(873,17,75,41),(874,11,80,86),(875,9,169,4),(876,18,105,76),(877,5,5,29),(878,5,112,79),(879,21,136,57),(880,9,103,57),(881,15,138,79),(882,12,48,48),(883,20,26,63),(884,21,155,65),(885,8,153,2),(886,17,111,83),(887,14,24,28),(888,14,10,48),(889,5,130,37),(890,14,187,12),(891,22,95,20),(892,5,96,2),(893,19,24,34),(894,20,166,66),(895,19,167,45),(896,7,99,49),(897,9,182,59),(898,20,117,57),(899,23,121,1),(900,13,112,58),(901,9,173,10),(902,16,27,48),(903,10,176,100),(904,8,46,57),(905,18,140,56),(906,10,24,63),(907,1,20,32),(908,3,125,83),(909,23,25,13),(910,4,41,75),(911,18,52,82),(912,23,187,57),(913,2,145,2),(914,16,66,97),(915,17,8,66),(916,18,134,70),(917,10,130,60),(918,13,197,99),(919,3,167,91),(920,4,54,25),(921,5,180,70),(922,14,58,61),(923,12,84,20),(924,8,140,83),(925,16,86,90),(926,7,197,48),(927,7,152,40),(928,10,70,48),(929,8,32,18),(930,8,118,81),(931,10,98,82),(932,7,126,53),(933,3,8,56),(934,2,144,2),(935,12,14,25),(936,4,92,100),(937,3,85,88),(938,10,108,49),(939,3,188,97),(940,9,179,35),(941,16,92,58),(942,22,182,49),(943,5,179,29),(944,9,162,94),(945,11,136,75),(946,21,7,87),(947,2,181,11),(948,20,29,35),(949,17,62,61),(950,21,12,46),(951,6,153,96),(952,1,184,11),(953,13,23,41),(954,3,24,36),(955,3,4,72),(956,20,61,47),(957,19,131,57),(958,21,140,31),(959,8,129,99),(960,13,31,42),(961,16,20,19),(962,18,55,39),(963,18,193,71),(964,9,110,30),(965,14,181,59),(966,18,66,81),(967,21,189,23),(968,3,106,48),(969,15,106,21),(970,19,132,32),(971,18,100,70),(972,7,37,78),(973,6,141,62),(974,22,198,50),(975,14,165,96),(976,15,132,50),(977,21,32,14),(978,1,182,6),(979,10,153,89),(980,19,115,90),(981,3,44,41),(982,17,86,50),(983,10,89,12),(984,6,113,32),(985,2,42,20),(986,14,142,91),(987,11,166,46),(988,14,46,14),(989,22,126,31),(990,6,176,31),(991,23,83,22),(992,15,24,97),(993,23,26,79),(994,6,88,12),(995,6,92,96),(996,2,35,42),(997,13,184,33),(998,21,77,52),(999,10,91,11),(1000,13,157,52);
/*!40000 ALTER TABLE `inventario` ENABLE KEYS */;
UNLOCK TABLES;

--
-- Table structure for table `inventario_sucursales`
--

DROP TABLE IF EXISTS `inventario_sucursales`;
/*!40101 SET @saved_cs_client     = @@character_set_client */;
/*!50503 SET character_set_client = utf8mb4 */;
CREATE TABLE `inventario_sucursales` (
  `id_inv_suc` int unsigned NOT NULL,
  `sucursal_id` int unsigned NOT NULL,
  `inventario_id` int unsigned NOT NULL,
  `cantidad` smallint NOT NULL,
  PRIMARY KEY (`id_inv_suc`),
  UNIQUE KEY `sucursal_id` (`sucursal_id`,`inventario_id`),
  KEY `inventario_id` (`inventario_id`),
  CONSTRAINT `inventario_sucursales_ibfk_1` FOREIGN KEY (`sucursal_id`) REFERENCES `sucursales` (`sucursal_id`) ON DELETE CASCADE ON UPDATE CASCADE,
  CONSTRAINT `inventario_sucursales_ibfk_2` FOREIGN KEY (`inventario_id`) REFERENCES `inventario` (`inventario_id`) ON DELETE RESTRICT ON UPDATE CASCADE
) ENGINE=InnoDB DEFAULT CHARSET=utf8mb4 COLLATE=utf8mb4_0900_ai_ci;
/*!40101 SET character_set_client = @saved_cs_client */;

--
-- Dumping data for table `inventario_sucursales`
--

LOCK TABLES `inventario_sucursales` WRITE;
/*!40000 ALTER TABLE `inventario_sucursales` DISABLE KEYS */;
INSERT INTO `inventario_sucursales` VALUES (1,1,1,4),(2,2,1,4),(3,1,2,5),(4,2,2,5),(5,1,3,2),(6,2,3,2),(7,1,4,3),(8,2,4,4),(9,1,5,4),(10,2,5,4),(11,1,6,3),(12,2,6,3),(13,1,7,1),(14,2,7,2),(15,1,8,2),(16,2,8,2),(17,1,9,1),(18,2,9,1),(19,1,10,2),(20,2,10,2),(21,1,11,3),(22,2,11,4),(23,1,12,1),(24,2,12,2),(25,1,13,1),(26,2,13,2),(27,1,14,4),(28,2,14,4),(29,1,15,2),(30,2,15,2),(31,1,16,4),(32,2,16,4),(33,1,17,4),(34,2,17,4),(35,1,18,1),(36,2,18,1),(37,1,19,1),(38,2,19,1),(39,1,20,2),(40,2,20,2),(41,1,21,2),(42,2,21,3),(43,1,22,1),(44,2,22,2),(45,1,23,5),(46,2,23,5),(47,1,24,3),(48,2,24,4),(49,1,25,4),(50,2,25,5),(51,1,26,2),(52,2,26,2),(53,1,27,2),(54,2,27,2),(55,1,28,1),(56,2,28,2),(57,1,29,3),(58,2,29,3),(59,1,30,1),(60,2,30,1),(61,1,31,1),(62,2,31,1),(63,1,32,4),(64,2,32,5),(65,1,33,3),(66,2,33,4),(67,1,34,5),(68,2,34,5),(69,1,35,2),(70,2,35,3),(71,1,36,2),(72,2,36,2),(73,1,37,3),(74,2,37,4),(75,1,38,4),(76,2,38,5),(77,1,39,5),(78,2,39,5),(79,1,40,4),(80,2,40,5),(81,1,41,4),(82,2,41,5),(83,1,42,4),(84,2,42,5),(85,1,43,3),(86,2,43,3),(87,1,44,5),(88,2,44,5),(89,1,45,4),(90,2,45,5),(91,1,46,4),(92,2,46,5),(93,1,47,5),(94,2,47,5),(95,1,48,5),(96,2,48,5),(97,1,49,5),(98,2,49,5),(99,1,50,3),(100,2,50,3),(101,1,51,4),(102,2,51,4),(103,1,52,4),(104,2,52,4),(105,1,53,2),(106,2,53,3),(107,1,54,1),(108,2,54,2),(109,1,55,1),(110,2,55,2),(111,1,56,1),(112,2,56,1),(113,1,57,4),(114,2,57,5),(115,1,58,3),(116,2,58,4),(117,1,59,1),(118,2,59,1),(119,1,60,2),(120,2,60,2),(121,1,61,4),(122,2,61,4),(123,1,62,1),(124,2,62,1),(125,1,63,2),(126,2,63,2),(127,1,64,3),(128,2,64,4),(129,1,65,2),(130,2,65,3),(131,1,66,2),(132,2,66,2),(133,1,67,1),(134,2,67,1),(135,1,68,2),(136,2,68,3),(137,1,69,5),(138,2,69,5),(139,1,70,4),(140,2,70,5),(141,1,71,4),(142,2,71,4),(143,1,72,3),(144,2,72,3),(145,1,73,3),(146,2,73,3),(147,1,74,3),(148,2,74,3),(149,1,75,4),(150,2,75,5),(151,1,76,4),(152,2,76,5),(153,1,77,2),(154,2,77,2),(155,1,78,1),(156,2,78,1),(157,1,79,4),(158,2,79,5),(159,1,80,2),(160,2,80,3),(161,1,81,3),(162,2,81,3),(163,1,82,3),(164,2,82,4),(165,1,83,4),(166,2,83,4),(167,1,84,2),(168,2,84,3),(169,1,85,1),(170,2,85,1),(171,1,86,4),(172,2,86,5),(173,1,87,4),(174,2,87,4),(175,1,88,1),(176,2,88,1),(177,1,89,1),(178,2,89,1),(179,1,90,1),(180,2,90,1),(181,1,91,3),(182,2,91,4),(183,1,92,1),(184,2,92,1),(185,1,93,2),(186,2,93,2),(187,1,94,1),(188,2,94,1),(189,1,95,1),(190,2,95,2),(191,1,96,4),(192,2,96,4),(193,1,97,3),(194,2,97,4),(195,1,98,4),(196,2,98,4),(197,1,99,3),(198,2,99,3),(199,1,100,4),(200,2,100,5),(201,1,101,4),(202,2,101,5),(203,1,102,4),(204,2,102,5),(205,1,103,3),(206,2,103,4),(207,1,104,3),(208,2,104,4),(209,1,105,1),(210,2,105,1),(211,1,106,1),(212,2,106,2),(213,1,107,1),(214,2,107,2),(215,1,108,1),(216,2,108,1),(217,1,109,2),(218,2,109,3),(219,1,110,4),(220,2,110,4),(221,1,111,2),(222,2,111,3),(223,1,112,2),(224,2,112,2),(225,1,113,2),(226,2,113,3),(227,1,114,4),(228,2,114,4),(229,1,115,4),(230,2,115,5),(231,1,116,3),(232,2,116,3),(233,1,117,5),(234,2,117,5),(235,1,118,3),(236,2,118,3),(237,1,119,3),(238,2,119,3),(239,1,120,4),(240,2,120,5),(241,1,121,4),(242,2,121,5),(243,1,122,2),(244,2,122,2),(245,1,123,1),(246,2,123,2),(247,1,124,3),(248,2,124,4),(249,1,125,2),(250,2,125,2),(251,1,126,2),(252,2,126,2),(253,1,127,1),(254,2,127,2),(255,1,128,2),(256,2,128,2),(257,1,129,3),(258,2,129,4),(259,1,130,4),(260,2,130,5),(261,1,131,4),(262,2,131,4),(263,1,132,5),(264,2,132,5),(265,1,133,4),(266,2,133,4),(267,1,134,4),(268,2,134,5),(269,1,135,1),(270,2,135,2),(271,1,136,5),(272,2,136,5),(273,1,137,1),(274,2,137,1),(275,1,138,3),(276,2,138,4),(277,1,139,3),(278,2,139,4),(279,1,140,2),(280,2,140,2),(281,1,141,2),(282,2,141,3),(283,1,142,3),(284,2,142,3),(285,1,143,1),(286,2,143,2),(287,1,144,3),(288,2,144,3),(289,1,145,1),(290,2,145,1),(291,1,146,4),(292,2,146,5),(293,1,147,1),(294,2,147,1),(295,1,148,5),(296,2,148,5),(297,1,149,1),(298,2,149,2),(299,1,150,3),(300,2,150,4),(301,1,151,1),(302,2,151,1),(303,1,152,4),(304,2,152,5),(305,1,153,4),(306,2,153,5),(307,1,154,5),(308,2,154,5),(309,1,155,5),(310,2,155,5),(311,1,156,5),(312,2,156,5),(313,1,157,2),(314,2,157,3),(315,1,158,5),(316,2,158,5),(317,1,159,1),(318,2,159,1),(319,1,160,1),(320,2,160,2),(321,1,161,5),(322,2,161,5),(323,1,162,3),(324,2,162,3),(325,1,163,3),(326,2,163,3),(327,1,164,3),(328,2,164,4),(329,1,165,4),(330,2,165,5),(331,1,166,4),(332,2,166,4),(333,1,167,1),(334,2,167,1),(335,1,168,1),(336,2,168,1),(337,1,169,5),(338,2,169,5),(339,1,170,5),(340,2,170,5),(341,1,171,4),(342,2,171,5),(343,1,172,3),(344,2,172,3),(345,1,173,3),(346,2,173,4),(347,1,174,2),(348,2,174,2),(349,1,175,4),(350,2,175,4),(351,1,176,3),(352,2,176,3),(353,1,177,2),(354,2,177,2),(355,1,178,3),(356,2,178,4),(357,1,179,1),(358,2,179,1),(359,1,180,5),(360,2,180,5),(361,1,181,1),(362,2,181,1),(363,1,182,2),(364,2,182,3),(365,1,183,3),(366,2,183,4),(367,1,184,2),(368,2,184,2),(369,1,185,3),(370,2,185,4),(371,1,186,2),(372,2,186,3),(373,1,187,3),(374,2,187,4),(375,1,188,2),(376,2,188,3),(377,1,189,4),(378,2,189,5),(379,1,190,3),(380,2,190,4),(381,1,191,4),(382,2,191,4),(383,1,192,4),(384,2,192,4),(385,1,193,2),(386,2,193,3),(387,1,194,3),(388,2,194,4),(389,1,195,4),(390,2,195,5),(391,1,196,2),(392,2,196,3),(393,1,197,1),(394,2,197,2),(395,1,198,5),(396,2,198,5),(397,1,199,2),(398,2,199,3),(399,1,200,1),(400,2,200,1),(401,1,201,3),(402,2,201,3),(403,1,202,4),(404,2,202,4),(405,1,203,1),(406,2,203,1),(407,1,204,4),(408,2,204,4),(409,1,205,1),(410,2,205,2),(411,1,206,2),(412,2,206,3),(413,1,207,3),(414,2,207,3),(415,1,208,3),(416,2,208,3),(417,1,209,4),(418,2,209,5),(419,1,210,3),(420,2,210,3),(421,1,211,3),(422,2,211,3),(423,1,212,4),(424,2,212,4),(425,1,213,1),(426,2,213,2),(427,1,214,2),(428,2,214,2),(429,1,215,4),(430,2,215,5),(431,1,216,4),(432,2,216,4),(433,1,217,4),(434,2,217,4),(435,1,218,4),(436,2,218,4),(437,1,219,3),(438,2,219,4),(439,1,220,1),(440,2,220,2),(441,1,221,1),(442,2,221,2),(443,1,222,1),(444,2,222,2),(445,1,223,3),(446,2,223,3),(447,1,224,2),(448,2,224,2),(449,1,225,4),(450,2,225,4),(451,1,226,1),(452,2,226,2),(453,1,227,1),(454,2,227,1),(455,1,228,1),(456,2,228,1),(457,1,229,4),(458,2,229,4),(459,1,230,4),(460,2,230,5),(461,1,231,2),(462,2,231,3),(463,1,232,2),(464,2,232,2),(465,1,233,1),(466,2,233,1),(467,1,234,3),(468,2,234,3),(469,1,235,4),(470,2,235,4),(471,1,236,1),(472,2,236,1),(473,1,237,1),(474,2,237,2),(475,1,238,3),(476,2,238,4),(477,1,239,5),(478,2,239,5),(479,1,240,4),(480,2,240,5),(481,1,241,2),(482,2,241,2),(483,1,242,3),(484,2,242,4),(485,1,243,3),(486,2,243,3),(487,1,244,4),(488,2,244,4),(489,1,245,4),(490,2,245,4),(491,1,246,4),(492,2,246,4),(493,1,247,4),(494,2,247,5),(495,1,248,5),(496,2,248,5),(497,1,249,3),(498,2,249,4),(499,1,250,5),(500,2,250,5),(501,1,251,3),(502,2,251,4),(503,1,252,2),(504,2,252,3),(505,1,253,1),(506,2,253,2),(507,1,254,2),(508,2,254,2),(509,1,255,3),(510,2,255,4),(511,1,256,5),(512,2,256,5),(513,1,257,4),(514,2,257,4),(515,1,258,3),(516,2,258,3),(517,1,259,2),(518,2,259,3),(519,1,260,4),(520,2,260,4),(521,1,261,2),(522,2,261,2),(523,1,262,3),(524,2,262,3),(525,1,263,2),(526,2,263,3),(527,1,264,1),(528,2,264,2),(529,1,265,1),(530,2,265,2),(531,1,266,2),(532,2,266,3),(533,1,267,2),(534,2,267,2),(535,1,268,1),(536,2,268,1),(537,1,269,4),(538,2,269,5),(539,1,270,1),(540,2,270,2),(541,1,271,1),(542,2,271,1),(543,1,272,5),(544,2,272,5),(545,1,273,2),(546,2,273,3),(547,1,274,1),(548,2,274,2),(549,1,275,4),(550,2,275,5),(551,1,276,2),(552,2,276,2),(553,1,277,3),(554,2,277,3),(555,1,278,2),(556,2,278,3),(557,1,279,5),(558,2,279,5),(559,1,280,5),(560,2,280,5),(561,1,281,2),(562,2,281,2),(563,1,282,3),(564,2,282,4),(565,1,283,1),(566,2,283,2),(567,1,284,1),(568,2,284,2),(569,1,285,4),(570,2,285,4),(571,1,286,2),(572,2,286,2),(573,1,287,2),(574,2,287,2),(575,1,288,1),(576,2,288,1),(577,1,289,2),(578,2,289,3),(579,1,290,3),(580,2,290,3),(581,1,291,3),(582,2,291,4),(583,1,292,3),(584,2,292,4),(585,1,293,5),(586,2,293,5),(587,1,294,3),(588,2,294,3),(589,1,295,1),(590,2,295,2),(591,1,296,2),(592,2,296,2),(593,1,297,2),(594,2,297,3),(595,1,298,2),(596,2,298,2),(597,1,299,3),(598,2,299,4),(599,1,300,4),(600,2,300,4),(601,1,301,2),(602,2,301,3),(603,1,302,4),(604,2,302,4),(605,1,303,4),(606,2,303,4),(607,1,304,5),(608,2,304,5),(609,1,305,1),(610,2,305,2),(611,1,306,1),(612,2,306,2),(613,1,307,4),(614,2,307,4),(615,1,308,2),(616,2,308,2),(617,1,309,4),(618,2,309,5),(619,1,310,4),(620,2,310,5),(621,1,311,1),(622,2,311,2),(623,1,312,4),(624,2,312,4),(625,1,313,4),(626,2,313,5),(627,1,314,1),(628,2,314,2),(629,1,315,3),(630,2,315,4),(631,1,316,4),(632,2,316,5),(633,1,317,2),(634,2,317,3),(635,1,318,3),(636,2,318,4),(637,1,319,2),(638,2,319,3),(639,1,320,2),(640,2,320,3),(641,1,321,1),(642,2,321,1),(643,1,322,5),(644,2,322,5),(645,1,323,5),(646,2,323,5),(647,1,324,4),(648,2,324,5),(649,1,325,3),(650,2,325,3),(651,1,326,4),(652,2,326,5),(653,1,327,3),(654,2,327,4),(655,1,328,2),(656,2,328,2),(657,1,329,4),(658,2,329,4),(659,1,330,2),(660,2,330,2),(661,1,331,2),(662,2,331,3),(663,1,332,2),(664,2,332,2),(665,1,333,3),(666,2,333,3),(667,1,334,3),(668,2,334,4),(669,1,335,4),(670,2,335,4),(671,1,336,4),(672,2,336,5),(673,1,337,1),(674,2,337,2),(675,1,338,3),(676,2,338,4),(677,1,339,2),(678,2,339,3),(679,1,340,5),(680,2,340,5),(681,1,341,2),(682,2,341,2),(683,1,342,2),(684,2,342,3),(685,1,343,3),(686,2,343,3),(687,1,344,4),(688,2,344,4),(689,1,345,3),(690,2,345,3),(691,1,346,4),(692,2,346,5),(693,1,347,4),(694,2,347,4),(695,1,348,3),(696,2,348,3),(697,1,349,2),(698,2,349,3),(699,1,350,1),(700,2,350,1),(701,1,351,4),(702,2,351,4),(703,1,352,4),(704,2,352,4),(705,1,353,3),(706,2,353,3),(707,1,354,4),(708,2,354,5),(709,1,355,4),(710,2,355,4),(711,1,356,5),(712,2,356,5),(713,1,357,3),(714,2,357,3),(715,1,358,1),(716,2,358,2),(717,1,359,3),(718,2,359,3),(719,1,360,5),(720,2,360,5),(721,1,361,2),(722,2,361,3),(723,1,362,4),(724,2,362,5),(725,1,363,3),(726,2,363,3),(727,1,364,1),(728,2,364,1),(729,1,365,3),(730,2,365,3),(731,1,366,1),(732,2,366,2),(733,1,367,3),(734,2,367,3),(735,1,368,5),(736,2,368,5),(737,1,369,5),(738,2,369,5),(739,1,370,1),(740,2,370,1),(741,1,371,4),(742,2,371,4),(743,1,372,3),(744,2,372,3),(745,1,373,4),(746,2,373,4),(747,1,374,1),(748,2,374,2),(749,1,375,4),(750,2,375,5),(751,1,376,4),(752,2,376,5),(753,1,377,3),(754,2,377,4),(755,1,378,4),(756,2,378,4),(757,1,379,2),(758,2,379,2),(759,1,380,3),(760,2,380,3),(761,1,381,4),(762,2,381,5),(763,1,382,3),(764,2,382,4),(765,1,383,3),(766,2,383,3),(767,1,384,5),(768,2,384,5),(769,1,385,5),(770,2,385,5),(771,1,386,3),(772,2,386,4),(773,1,387,4),(774,2,387,4),(775,1,388,4),(776,2,388,5),(777,1,389,3),(778,2,389,4),(779,1,390,4),(780,2,390,4),(781,1,391,3),(782,2,391,4),(783,1,392,3),(784,2,392,4),(785,1,393,2),(786,2,393,2),(787,1,394,1),(788,2,394,1),(789,1,395,3),(790,2,395,4),(791,1,396,1),(792,2,396,2),(793,1,397,3),(794,2,397,3),(795,1,398,3),(796,2,398,3),(797,1,399,2),(798,2,399,2),(799,1,400,2),(800,2,400,3),(801,1,401,3),(802,2,401,3),(803,1,402,1),(804,2,402,2),(805,1,403,1),(806,2,403,2),(807,1,404,2),(808,2,404,2),(809,1,405,4),(810,2,405,4),(811,1,406,4),(812,2,406,5),(813,1,407,2),(814,2,407,2),(815,1,408,5),(816,2,408,5),(817,1,409,1),(818,2,409,1),(819,1,410,4),(820,2,410,4),(821,1,411,3),(822,2,411,4),(823,1,412,5),(824,2,412,5),(825,1,413,3),(826,2,413,4),(827,1,414,1),(828,2,414,2),(829,1,415,4),(830,2,415,4),(831,1,416,1),(832,2,416,1),(833,1,417,4),(834,2,417,4),(835,1,418,5),(836,2,418,5),(837,1,419,3),(838,2,419,3),(839,1,420,1),(840,2,420,1),(841,1,421,4),(842,2,421,5),(843,1,422,2),(844,2,422,3),(845,1,423,2),(846,2,423,2),(847,1,424,2),(848,2,424,3),(849,1,425,1),(850,2,425,2),(851,1,426,1),(852,2,426,1),(853,1,427,3),(854,2,427,4),(855,1,428,1),(856,2,428,1),(857,1,429,4),(858,2,429,5),(859,1,430,5),(860,2,430,5),(861,1,431,5),(862,2,431,5),(863,1,432,5),(864,2,432,5),(865,1,433,1),(866,2,433,1),(867,1,434,5),(868,2,434,5),(869,1,435,4),(870,2,435,5),(871,1,436,3),(872,2,436,3),(873,1,437,4),(874,2,437,4),(875,1,438,3),(876,2,438,3),(877,1,439,4),(878,2,439,5),(879,1,440,1),(880,2,440,2),(881,1,441,4),(882,2,441,4),(883,1,442,2),(884,2,442,3),(885,1,443,4),(886,2,443,4),(887,1,444,2),(888,2,444,2),(889,1,445,2),(890,2,445,2),(891,1,446,2),(892,2,446,3),(893,1,447,1),(894,2,447,1),(895,1,448,5),(896,2,448,5),(897,1,449,3),(898,2,449,4),(899,1,450,2),(900,2,450,2),(901,1,451,4),(902,2,451,5),(903,1,452,4),(904,2,452,4),(905,1,453,4),(906,2,453,5),(907,1,454,1),(908,2,454,1),(909,1,455,1),(910,2,455,2),(911,1,456,3),(912,2,456,4),(913,1,457,4),(914,2,457,4),(915,1,458,5),(916,2,458,5),(917,1,459,4),(918,2,459,4),(919,1,460,3),(920,2,460,4),(921,1,461,4),(922,2,461,4),(923,1,462,4),(924,2,462,4),(925,1,463,4),(926,2,463,4),(927,1,464,2),(928,2,464,2),(929,1,465,4),(930,2,465,4),(931,1,466,2),(932,2,466,2),(933,1,467,5),(934,2,467,5),(935,1,468,3),(936,2,468,3),(937,1,469,4),(938,2,469,4),(939,1,470,2),(940,2,470,3),(941,1,471,1),(942,2,471,1),(943,1,472,1),(944,2,472,1),(945,1,473,4),(946,2,473,4),(947,1,474,3),(948,2,474,4),(949,1,475,2),(950,2,475,3),(951,1,476,1),(952,2,476,2),(953,1,477,4),(954,2,477,5),(955,1,478,1),(956,2,478,1),(957,1,479,3),(958,2,479,3),(959,1,480,1),(960,2,480,2),(961,1,481,5),(962,2,481,5),(963,1,482,4),(964,2,482,4),(965,1,483,1),(966,2,483,1),(967,1,484,1),(968,2,484,2),(969,1,485,3),(970,2,485,4),(971,1,486,1),(972,2,486,2),(973,1,487,1),(974,2,487,1),(975,1,488,5),(976,2,488,5),(977,1,489,3),(978,2,489,3),(979,1,490,1),(980,2,490,1),(981,1,491,2),(982,2,491,3),(983,1,492,3),(984,2,492,4),(985,1,493,4),(986,2,493,5),(987,1,494,3),(988,2,494,4),(989,1,495,3),(990,2,495,3),(991,1,496,3),(992,2,496,3),(993,1,497,4),(994,2,497,5),(995,1,498,2),(996,2,498,2),(997,1,499,5),(998,2,499,5),(999,1,500,5),(1000,2,500,5),(1001,1,501,3),(1002,2,501,3),(1003,1,502,4),(1004,2,502,4),(1005,1,503,1),(1006,2,503,1),(1007,1,504,3),(1008,2,504,4),(1009,1,505,5),(1010,2,505,5),(1011,1,506,3),(1012,2,506,4),(1013,1,507,5),(1014,2,507,5),(1015,1,508,2),(1016,2,508,3),(1017,1,509,1),(1018,2,509,1),(1019,1,510,2),(1020,2,510,3),(1021,1,511,4),(1022,2,511,5),(1023,1,512,1),(1024,2,512,2),(1025,1,513,4),(1026,2,513,5),(1027,1,514,1),(1028,2,514,2),(1029,1,515,3),(1030,2,515,3),(1031,1,516,4),(1032,2,516,5),(1033,1,517,3),(1034,2,517,4),(1035,1,518,1),(1036,2,518,1),(1037,1,519,4),(1038,2,519,5),(1039,1,520,2),(1040,2,520,2),(1041,1,521,1),(1042,2,521,2),(1043,1,522,2),(1044,2,522,2),(1045,1,523,2),(1046,2,523,3),(1047,1,524,2),(1048,2,524,2),(1049,1,525,3),(1050,2,525,3),(1051,1,526,3),(1052,2,526,3),(1053,1,527,4),(1054,2,527,4),(1055,1,528,3),(1056,2,528,4),(1057,1,529,3),(1058,2,529,3),(1059,1,530,1),(1060,2,530,2),(1061,1,531,1),(1062,2,531,2),(1063,1,532,4),(1064,2,532,5),(1065,1,533,3),(1066,2,533,3),(1067,1,534,3),(1068,2,534,4),(1069,1,535,2),(1070,2,535,2),(1071,1,536,4),(1072,2,536,4),(1073,1,537,4),(1074,2,537,5),(1075,1,538,3),(1076,2,538,4),(1077,1,539,4),(1078,2,539,5),(1079,1,540,5),(1080,2,540,5),(1081,1,541,2),(1082,2,541,3),(1083,1,542,1),(1084,2,542,2),(1085,1,543,1),(1086,2,543,2),(1087,1,544,2),(1088,2,544,2),(1089,1,545,1),(1090,2,545,1),(1091,1,546,3),(1092,2,546,4),(1093,1,547,5),(1094,2,547,5),(1095,1,548,3),(1096,2,548,4),(1097,1,549,1),(1098,2,549,2),(1099,1,550,1),(1100,2,550,2),(1101,1,551,4),(1102,2,551,5),(1103,1,552,2),(1104,2,552,2),(1105,1,553,1),(1106,2,553,2),(1107,1,554,3),(1108,2,554,3),(1109,1,555,1),(1110,2,555,2),(1111,1,556,2),(1112,2,556,3),(1113,1,557,5),(1114,2,557,5),(1115,1,558,1),(1116,2,558,1),(1117,1,559,1),(1118,2,559,2),(1119,1,560,3),(1120,2,560,3),(1121,1,561,1),(1122,2,561,2),(1123,1,562,1),(1124,2,562,1),(1125,1,563,4),(1126,2,563,5),(1127,1,564,1),(1128,2,564,1),(1129,1,565,1),(1130,2,565,1),(1131,1,566,5),(1132,2,566,5),(1133,1,567,1),(1134,2,567,2),(1135,1,568,1),(1136,2,568,2),(1137,1,569,5),(1138,2,569,5),(1139,1,570,1),(1140,2,570,1),(1141,1,571,4),(1142,2,571,5),(1143,1,572,1),(1144,2,572,2),(1145,1,573,1),(1146,2,573,2),(1147,1,574,5),(1148,2,574,5),(1149,1,575,3),(1150,2,575,4),(1151,1,576,1),(1152,2,576,2),(1153,1,577,1),(1154,2,577,1),(1155,1,578,1),(1156,2,578,1),(1157,1,579,1),(1158,2,579,1),(1159,1,580,4),(1160,2,580,5),(1161,1,581,4),(1162,2,581,4),(1163,1,582,2),(1164,2,582,2),(1165,1,583,2),(1166,2,583,3),(1167,1,584,4),(1168,2,584,4),(1169,1,585,4),(1170,2,585,4),(1171,1,586,1),(1172,2,586,2),(1173,1,587,4),(1174,2,587,4),(1175,1,588,3),(1176,2,588,4),(1177,1,589,4),(1178,2,589,5),(1179,1,590,2),(1180,2,590,3),(1181,1,591,3),(1182,2,591,4),(1183,1,592,4),(1184,2,592,5),(1185,1,593,4),(1186,2,593,5),(1187,1,594,3),(1188,2,594,3),(1189,1,595,5),(1190,2,595,5),(1191,1,596,4),(1192,2,596,5),(1193,1,597,3),(1194,2,597,3),(1195,1,598,1),(1196,2,598,2),(1197,1,599,4),(1198,2,599,5),(1199,1,600,2),(1200,2,600,2),(1201,1,601,3),(1202,2,601,3),(1203,1,602,4),(1204,2,602,4),(1205,1,603,4),(1206,2,603,4),(1207,1,604,2),(1208,2,604,3),(1209,1,605,4),(1210,2,605,4),(1211,1,606,4),(1212,2,606,4),(1213,1,607,5),(1214,2,607,5),(1215,1,608,2),(1216,2,608,3),(1217,1,609,3),(1218,2,609,3),(1219,1,610,3),(1220,2,610,4),(1221,1,611,2),(1222,2,611,2),(1223,1,612,2),(1224,2,612,3),(1225,1,613,2),(1226,2,613,3),(1227,1,614,4),(1228,2,614,5),(1229,1,615,2),(1230,2,615,2),(1231,1,616,1),(1232,2,616,1),(1233,1,617,4),(1234,2,617,4),(1235,1,618,4),(1236,2,618,4),(1237,1,619,2),(1238,2,619,2),(1239,1,620,2),(1240,2,620,3),(1241,1,621,2),(1242,2,621,3),(1243,1,622,2),(1244,2,622,3),(1245,1,623,2),(1246,2,623,2),(1247,1,624,1),(1248,2,624,2),(1249,1,625,3),(1250,2,625,3),(1251,1,626,2),(1252,2,626,2),(1253,1,627,3),(1254,2,627,4),(1255,1,628,3),(1256,2,628,4),(1257,1,629,1),(1258,2,629,1),(1259,1,630,3),(1260,2,630,3),(1261,1,631,3),(1262,2,631,3),(1263,1,632,4),(1264,2,632,4),(1265,1,633,3),(1266,2,633,3),(1267,1,634,5),(1268,2,634,5),(1269,1,635,2),(1270,2,635,3),(1271,1,636,1),(1272,2,636,2),(1273,1,637,2),(1274,2,637,3),(1275,1,638,3),(1276,2,638,3),(1277,1,639,5),(1278,2,639,5),(1279,1,640,2),(1280,2,640,2),(1281,1,641,4),(1282,2,641,5),(1283,1,642,4),(1284,2,642,4),(1285,1,643,3),(1286,2,643,4),(1287,1,644,2),(1288,2,644,2),(1289,1,645,3),(1290,2,645,3),(1291,1,646,1),(1292,2,646,2),(1293,1,647,1),(1294,2,647,1),(1295,1,648,1),(1296,2,648,2),(1297,1,649,3),(1298,2,649,3),(1299,1,650,1),(1300,2,650,2),(1301,1,651,5),(1302,2,651,5),(1303,1,652,4),(1304,2,652,5),(1305,1,653,4),(1306,2,653,5),(1307,1,654,3),(1308,2,654,4),(1309,1,655,3),(1310,2,655,4),(1311,1,656,1),(1312,2,656,2),(1313,1,657,3),(1314,2,657,3),(1315,1,658,4),(1316,2,658,5),(1317,1,659,2),(1318,2,659,2),(1319,1,660,2),(1320,2,660,3),(1321,1,661,2),(1322,2,661,3),(1323,1,662,1),(1324,2,662,1),(1325,1,663,2),(1326,2,663,2),(1327,1,664,5),(1328,2,664,5),(1329,1,665,1),(1330,2,665,1),(1331,1,666,1),(1332,2,666,1),(1333,1,667,5),(1334,2,667,5),(1335,1,668,2),(1336,2,668,3),(1337,1,669,4),(1338,2,669,4),(1339,1,670,2),(1340,2,670,3),(1341,1,671,4),(1342,2,671,4),(1343,1,672,1),(1344,2,672,2),(1345,1,673,5),(1346,2,673,5),(1347,1,674,3),(1348,2,674,3),(1349,1,675,2),(1350,2,675,2),(1351,1,676,3),(1352,2,676,4),(1353,1,677,3),(1354,2,677,4),(1355,1,678,4),(1356,2,678,4),(1357,1,679,1),(1358,2,679,2),(1359,1,680,2),(1360,2,680,3),(1361,1,681,2),(1362,2,681,2),(1363,1,682,2),(1364,2,682,2),(1365,1,683,4),(1366,2,683,5),(1367,1,684,4),(1368,2,684,5),(1369,1,685,1),(1370,2,685,1),(1371,1,686,2),(1372,2,686,2),(1373,1,687,4),(1374,2,687,5),(1375,1,688,4),(1376,2,688,5),(1377,1,689,3),(1378,2,689,4),(1379,1,690,2),(1380,2,690,2),(1381,1,691,1),(1382,2,691,1),(1383,1,692,4),(1384,2,692,4),(1385,1,693,5),(1386,2,693,5),(1387,1,694,4),(1388,2,694,4),(1389,1,695,4),(1390,2,695,5),(1391,1,696,2),(1392,2,696,3),(1393,1,697,4),(1394,2,697,5),(1395,1,698,1),(1396,2,698,1),(1397,1,699,1),(1398,2,699,1),(1399,1,700,1),(1400,2,700,2),(1401,1,701,4),(1402,2,701,4),(1403,1,702,5),(1404,2,702,5),(1405,1,703,2),(1406,2,703,2),(1407,1,704,1),(1408,2,704,2),(1409,1,705,2),(1410,2,705,3),(1411,1,706,2),(1412,2,706,2),(1413,1,707,3),(1414,2,707,3),(1415,1,708,2),(1416,2,708,2),(1417,1,709,4),(1418,2,709,5),(1419,1,710,1),(1420,2,710,1),(1421,1,711,2),(1422,2,711,3),(1423,1,712,2),(1424,2,712,3),(1425,1,713,3),(1426,2,713,4),(1427,1,714,2),(1428,2,714,3),(1429,1,715,3),(1430,2,715,4),(1431,1,716,2),(1432,2,716,2),(1433,1,717,4),(1434,2,717,4),(1435,1,718,2),(1436,2,718,3),(1437,1,719,2),(1438,2,719,3),(1439,1,720,3),(1440,2,720,4),(1441,1,721,4),(1442,2,721,4),(1443,1,722,5),(1444,2,722,5),(1445,1,723,1),(1446,2,723,1),(1447,1,724,3),(1448,2,724,3),(1449,1,725,4),(1450,2,725,5),(1451,1,726,1),(1452,2,726,1),(1453,1,727,2),(1454,2,727,2),(1455,1,728,5),(1456,2,728,5),(1457,1,729,3),(1458,2,729,4),(1459,1,730,4),(1460,2,730,4),(1461,1,731,4),(1462,2,731,5),(1463,1,732,2),(1464,2,732,2),(1465,1,733,1),(1466,2,733,1),(1467,1,734,2),(1468,2,734,2),(1469,1,735,4),(1470,2,735,4),(1471,1,736,3),(1472,2,736,3),(1473,1,737,3),(1474,2,737,4),(1475,1,738,3),(1476,2,738,3),(1477,1,739,4),(1478,2,739,5),(1479,1,740,5),(1480,2,740,5),(1481,1,741,5),(1482,2,741,5),(1483,1,742,3),(1484,2,742,4),(1485,1,743,2),(1486,2,743,3),(1487,1,744,1),(1488,2,744,2),(1489,1,745,3),(1490,2,745,3),(1491,1,746,3),(1492,2,746,4),(1493,1,747,2),(1494,2,747,3),(1495,1,748,1),(1496,2,748,2),(1497,1,749,3),(1498,2,749,3),(1499,1,750,4),(1500,2,750,5),(1501,1,751,4),(1502,2,751,4),(1503,1,752,2),(1504,2,752,3),(1505,1,753,3),(1506,2,753,3),(1507,1,754,2),(1508,2,754,3),(1509,1,755,2),(1510,2,755,3),(1511,1,756,1),(1512,2,756,1),(1513,1,757,4),(1514,2,757,5),(1515,1,758,2),(1516,2,758,2),(1517,1,759,2),(1518,2,759,2),(1519,1,760,4),(1520,2,760,4),(1521,1,761,3),(1522,2,761,4),(1523,1,762,3),(1524,2,762,3),(1525,1,763,4),(1526,2,763,5),(1527,1,764,1),(1528,2,764,2),(1529,1,765,5),(1530,2,765,5),(1531,1,766,4),(1532,2,766,5),(1533,1,767,3),(1534,2,767,3),(1535,1,768,3),(1536,2,768,4),(1537,1,769,5),(1538,2,769,5),(1539,1,770,4),(1540,2,770,5),(1541,1,771,1),(1542,2,771,1),(1543,1,772,2),(1544,2,772,3),(1545,1,773,4),(1546,2,773,5),(1547,1,774,1),(1548,2,774,2),(1549,1,775,2),(1550,2,775,3),(1551,1,776,2),(1552,2,776,3),(1553,1,777,4),(1554,2,777,4),(1555,1,778,4),(1556,2,778,4),(1557,1,779,4),(1558,2,779,4),(1559,1,780,4),(1560,2,780,4),(1561,1,781,4),(1562,2,781,4),(1563,1,782,4),(1564,2,782,4),(1565,1,783,3),(1566,2,783,3),(1567,1,784,2),(1568,2,784,2),(1569,1,785,2),(1570,2,785,2),(1571,1,786,1),(1572,2,786,1),(1573,1,787,4),(1574,2,787,4),(1575,1,788,2),(1576,2,788,2),(1577,1,789,5),(1578,2,789,5),(1579,1,790,2),(1580,2,790,2),(1581,1,791,2),(1582,2,791,3),(1583,1,792,3),(1584,2,792,4),(1585,1,793,3),(1586,2,793,4),(1587,1,794,3),(1588,2,794,4),(1589,1,795,3),(1590,2,795,3),(1591,1,796,2),(1592,2,796,2),(1593,1,797,2),(1594,2,797,2),(1595,1,798,4),(1596,2,798,5),(1597,1,799,1),(1598,2,799,1),(1599,1,800,1),(1600,2,800,1),(1601,1,801,1),(1602,2,801,2),(1603,1,802,4),(1604,2,802,4),(1605,1,803,4),(1606,2,803,4),(1607,1,804,2),(1608,2,804,3),(1609,1,805,1),(1610,2,805,1),(1611,1,806,4),(1612,2,806,4),(1613,1,807,2),(1614,2,807,3),(1615,1,808,4),(1616,2,808,5),(1617,1,809,3),(1618,2,809,4),(1619,1,810,3),(1620,2,810,3),(1621,1,811,2),(1622,2,811,3),(1623,1,812,3),(1624,2,812,3),(1625,1,813,1),(1626,2,813,1),(1627,1,814,4),(1628,2,814,4),(1629,1,815,4),(1630,2,815,4),(1631,1,816,3),(1632,2,816,3),(1633,1,817,4),(1634,2,817,5),(1635,1,818,4),(1636,2,818,4),(1637,1,819,3),(1638,2,819,4),(1639,1,820,5),(1640,2,820,5),(1641,1,821,4),(1642,2,821,4),(1643,1,822,2),(1644,2,822,2),(1645,1,823,1),(1646,2,823,2),(1647,1,824,1),(1648,2,824,1),(1649,1,825,5),(1650,2,825,5),(1651,1,826,4),(1652,2,826,4),(1653,1,827,3),(1654,2,827,3),(1655,1,828,2),(1656,2,828,3),(1657,1,829,1),(1658,2,829,2),(1659,1,830,1),(1660,2,830,1),(1661,1,831,2),(1662,2,831,3),(1663,1,832,2),(1664,2,832,2),(1665,1,833,1),(1666,2,833,1),(1667,1,834,2),(1668,2,834,3),(1669,1,835,2),(1670,2,835,3),(1671,1,836,2),(1672,2,836,2),(1673,1,837,2),(1674,2,837,2),(1675,1,838,1),(1676,2,838,1),(1677,1,839,2),(1678,2,839,2),(1679,1,840,2),(1680,2,840,2),(1681,1,841,5),(1682,2,841,5),(1683,1,842,2),(1684,2,842,3),(1685,1,843,4),(1686,2,843,5),(1687,1,844,5),(1688,2,844,5),(1689,1,845,3),(1690,2,845,4),(1691,1,846,5),(1692,2,846,5),(1693,1,847,4),(1694,2,847,4),(1695,1,848,2),(1696,2,848,3),(1697,1,849,3),(1698,2,849,3),(1699,1,850,5),(1700,2,850,5),(1701,1,851,1),(1702,2,851,2),(1703,1,852,4),(1704,2,852,5),(1705,1,853,4),(1706,2,853,4),(1707,1,854,4),(1708,2,854,4),(1709,1,855,4),(1710,2,855,5),(1711,1,856,2),(1712,2,856,3),(1713,1,857,2),(1714,2,857,3),(1715,1,858,3),(1716,2,858,4),(1717,1,859,1),(1718,2,859,2),(1719,1,860,1),(1720,2,860,1),(1721,1,861,4),(1722,2,861,5),(1723,1,862,3),(1724,2,862,3),(1725,1,863,2),(1726,2,863,3),(1727,1,864,2),(1728,2,864,2),(1729,1,865,3),(1730,2,865,4),(1731,1,866,2),(1732,2,866,2),(1733,1,867,4),(1734,2,867,4),(1735,1,868,2),(1736,2,868,2),(1737,1,869,3),(1738,2,869,4),(1739,1,870,2),(1740,2,870,3),(1741,1,871,3),(1742,2,871,3),(1743,1,872,3),(1744,2,872,4),(1745,1,873,2),(1746,2,873,2),(1747,1,874,2),(1748,2,874,3),(1749,1,875,2),(1750,2,875,3),(1751,1,876,2),(1752,2,876,2),(1753,1,877,5),(1754,2,877,5),(1755,1,878,5),(1756,2,878,5),(1757,1,879,5),(1758,2,879,5),(1759,1,880,3),(1760,2,880,3),(1761,1,881,3),(1762,2,881,3),(1763,1,882,3),(1764,2,882,3),(1765,1,883,3),(1766,2,883,3),(1767,1,884,3),(1768,2,884,3),(1769,1,885,3),(1770,2,885,4),(1771,1,886,4),(1772,2,886,5),(1773,1,887,2),(1774,2,887,3),(1775,1,888,5),(1776,2,888,5),(1777,1,889,1),(1778,2,889,2),(1779,1,890,3),(1780,2,890,3),(1781,1,891,1),(1782,2,891,2),(1783,1,892,4),(1784,2,892,4),(1785,1,893,2),(1786,2,893,2),(1787,1,894,3),(1788,2,894,3),(1789,1,895,5),(1790,2,895,5),(1791,1,896,1),(1792,2,896,2),(1793,1,897,1),(1794,2,897,2),(1795,1,898,1),(1796,2,898,2),(1797,1,899,4),(1798,2,899,5),(1799,1,900,2),(1800,2,900,3),(1801,1,901,5),(1802,2,901,5),(1803,1,902,3),(1804,2,902,4),(1805,1,903,3),(1806,2,903,3),(1807,1,904,1),(1808,2,904,1),(1809,1,905,1),(1810,2,905,1),(1811,1,906,4),(1812,2,906,4),(1813,1,907,4),(1814,2,907,4),(1815,1,908,2),(1816,2,908,2),(1817,1,909,4),(1818,2,909,5),(1819,1,910,5),(1820,2,910,5),(1821,1,911,2),(1822,2,911,3),(1823,1,912,3),(1824,2,912,3),(1825,1,913,4),(1826,2,913,5),(1827,1,914,5),(1828,2,914,5),(1829,1,915,3),(1830,2,915,4),(1831,1,916,5),(1832,2,916,5),(1833,1,917,4),(1834,2,917,4),(1835,1,918,3),(1836,2,918,4),(1837,1,919,3),(1838,2,919,4),(1839,1,920,4),(1840,2,920,5),(1841,1,921,2),(1842,2,921,3),(1843,1,922,3),(1844,2,922,3),(1845,1,923,4),(1846,2,923,4),(1847,1,924,4),(1848,2,924,4),(1849,1,925,2),(1850,2,925,2),(1851,1,926,1),(1852,2,926,2),(1853,1,927,4),(1854,2,927,4),(1855,1,928,1),(1856,2,928,1),(1857,1,929,1),(1858,2,929,2),(1859,1,930,4),(1860,2,930,4),(1861,1,931,4),(1862,2,931,5),(1863,1,932,2),(1864,2,932,2),(1865,1,933,1),(1866,2,933,1),(1867,1,934,5),(1868,2,934,5),(1869,1,935,5),(1870,2,935,5),(1871,1,936,3),(1872,2,936,3),(1873,1,937,2),(1874,2,937,3),(1875,1,938,2),(1876,2,938,2),(1877,1,939,3),(1878,2,939,3),(1879,1,940,3),(1880,2,940,3),(1881,1,941,5),(1882,2,941,5),(1883,1,942,2),(1884,2,942,3),(1885,1,943,3),(1886,2,943,3),(1887,1,944,2),(1888,2,944,2),(1889,1,945,3),(1890,2,945,4),(1891,1,946,2),(1892,2,946,2),(1893,1,947,5),(1894,2,947,5),(1895,1,948,1),(1896,2,948,1),(1897,1,949,2),(1898,2,949,3),(1899,1,950,2),(1900,2,950,3),(1901,1,951,1),(1902,2,951,2),(1903,1,952,4),(1904,2,952,5),(1905,1,953,5),(1906,2,953,5),(1907,1,954,2),(1908,2,954,2),(1909,1,955,4),(1910,2,955,5),(1911,1,956,1),(1912,2,956,2),(1913,1,957,4),(1914,2,957,5),(1915,1,958,3),(1916,2,958,4),(1917,1,959,3),(1918,2,959,4),(1919,1,960,1),(1920,2,960,1),(1921,1,961,2),(1922,2,961,2),(1923,1,962,1),(1924,2,962,2),(1925,1,963,4),(1926,2,963,4),(1927,1,964,4),(1928,2,964,5),(1929,1,965,1),(1930,2,965,2),(1931,1,966,2),(1932,2,966,3),(1933,1,967,2),(1934,2,967,2),(1935,1,968,4),(1936,2,968,5),(1937,1,969,1),(1938,2,969,2),(1939,1,970,5),(1940,2,970,5),(1941,1,971,4),(1942,2,971,4),(1943,1,972,2),(1944,2,972,3),(1945,1,973,3),(1946,2,973,4),(1947,1,974,4),(1948,2,974,4),(1949,1,975,1),(1950,2,975,1),(1951,1,976,4),(1952,2,976,5),(1953,1,977,4),(1954,2,977,4),(1955,1,978,3),(1956,2,978,3),(1957,1,979,2),(1958,2,979,3),(1959,1,980,4),(1960,2,980,4),(1961,1,981,2),(1962,2,981,2),(1963,1,982,4),(1964,2,982,4),(1965,1,983,4),(1966,2,983,5),(1967,1,984,4),(1968,2,984,4),(1969,1,985,2),(1970,2,985,3),(1971,1,986,4),(1972,2,986,5),(1973,1,987,2),(1974,2,987,3),(1975,1,988,3),(1976,2,988,4),(1977,1,989,3),(1978,2,989,4),(1979,1,990,4),(1980,2,990,5),(1981,1,991,2),(1982,2,991,2),(1983,1,992,1),(1984,2,992,1),(1985,1,993,3),(1986,2,993,4),(1987,1,994,2),(1988,2,994,3),(1989,1,995,3),(1990,2,995,3),(1991,1,996,4),(1992,2,996,4),(1993,1,997,3),(1994,2,997,4),(1995,1,998,1),(1996,2,998,1),(1997,1,999,2),(1998,2,999,2),(1999,1,1000,5),(2000,2,1000,5);
/*!40000 ALTER TABLE `inventario_sucursales` ENABLE KEYS */;
UNLOCK TABLES;

--
-- Table structure for table `marcas`
--

DROP TABLE IF EXISTS `marcas`;
/*!40101 SET @saved_cs_client     = @@character_set_client */;
/*!50503 SET character_set_client = utf8mb4 */;
CREATE TABLE `marcas` (
  `marca_id` int unsigned NOT NULL AUTO_INCREMENT,
  `nombre` varchar(40) NOT NULL,
  PRIMARY KEY (`marca_id`),
  UNIQUE KEY `nombre` (`nombre`)
) ENGINE=InnoDB AUTO_INCREMENT=101 DEFAULT CHARSET=utf8mb4 COLLATE=utf8mb4_0900_ai_ci;
/*!40101 SET character_set_client = @saved_cs_client */;

--
-- Dumping data for table `marcas`
--

LOCK TABLES `marcas` WRITE;
/*!40000 ALTER TABLE `marcas` DISABLE KEYS */;
INSERT INTO `marcas` VALUES (9,'Artepiel'),(16,'Artesanía Soleada'),(56,'Artesano Urbano'),(30,'Calzado Ajolote'),(55,'Calzado Colibrí'),(40,'Calzado Coyolxauhqui'),(91,'Calzado de la Sierra'),(75,'Calzado del Corazón'),(67,'Calzado Itzé'),(68,'Calzado Ixchel'),(72,'Calzado Ka\'an'),(94,'Calzado Manantial'),(50,'Calzado Ocelote'),(80,'Calzado Olmeca'),(82,'Calzado Otomí'),(97,'Calzado Purépecha'),(6,'Calzado Tarahumara'),(89,'Calzado Tenoch'),(20,'Calzado Tonantzin'),(2,'Calzado Tzintzun'),(77,'Calzado Yaqui'),(39,'Camina Joven'),(11,'Camina Libre'),(57,'Camina Mixteco'),(53,'Caminante'),(17,'Caminito del Sur'),(78,'Camino del Cuero'),(88,'Caminos de Barro'),(36,'Caminos del Bajío'),(99,'Caminos del Sol'),(59,'Casa del Cuero'),(29,'Casa Sandalia'),(35,'Chaneque Shoes'),(42,'Corazón Artesano'),(14,'Corazón del Valle'),(34,'Cuadra del Sol'),(95,'Cuero Jaguar'),(27,'Cuero Vivo'),(31,'El Paso Artesano'),(21,'Flor de Cuero'),(98,'Flor de la Tierra'),(44,'Flor del Desierto'),(84,'Flor del Valle'),(1,'Huaraches Rivera'),(15,'Huasteca Shoes'),(25,'Huella Maya'),(93,'Huella Mexicana'),(48,'La Piel Bonita'),(63,'La Sandalia Dorada'),(74,'Línea Maya'),(12,'Luna de Cuero'),(54,'Luz del Valle'),(19,'Madero Calzado'),(52,'Manantial Footwear'),(79,'Manos del Sur'),(41,'Manos del Valle'),(64,'Manos Tarascas'),(18,'Mística'),(26,'Monte Zapato'),(43,'Monteverde'),(28,'Náay Calzado'),(22,'Nahua Step'),(85,'Paso Coyote'),(47,'Paso del Jaguar'),(5,'Paso Maya'),(96,'Paso Milenario'),(33,'Pasos de Luna'),(38,'Pasos del Desierto'),(62,'Pasos del Norte'),(76,'Pasos del Sol'),(66,'Piel de Luna'),(86,'Piel del Sur'),(73,'Piel Morena'),(4,'Pies de Barro'),(65,'Pisada Noble'),(92,'Pisadas de Sol'),(7,'Pisadas Purépechas'),(71,'Raíces de Barro'),(51,'Raíces del Cuero'),(90,'Raíz de León'),(13,'Raíz Zapatera'),(69,'Sandalias del Pacífico'),(3,'Sandalias La Mixteca'),(83,'Sandalias Yucatecas'),(100,'Senda del Bajío'),(49,'Senda Maya'),(58,'Senda Otomí'),(70,'Solecito Shoes'),(24,'Sueños de León'),(81,'Taller del Norte'),(46,'Tepito Shoes'),(87,'Tierra Jaguar'),(8,'Tierra Viva'),(37,'Tierra y Cuero'),(32,'Tzotzil Walk'),(10,'Yuku Sandalias'),(60,'Yuma Calzado'),(23,'Zapata Handmade'),(45,'Zapato Mágico'),(61,'Zinacantán Steps');
/*!40000 ALTER TABLE `marcas` ENABLE KEYS */;
UNLOCK TABLES;

--
-- Table structure for table `modelos`
--

DROP TABLE IF EXISTS `modelos`;
/*!40101 SET @saved_cs_client     = @@character_set_client */;
/*!50503 SET character_set_client = utf8mb4 */;
CREATE TABLE `modelos` (
  `modelo_id` int unsigned NOT NULL AUTO_INCREMENT,
  `nombre` varchar(40) NOT NULL,
  `descripcion` text NOT NULL,
  `precio_venta` decimal(10,2) NOT NULL,
  `foto` varchar(255) DEFAULT NULL,
  `marca_id` int unsigned NOT NULL,
  PRIMARY KEY (`modelo_id`),
  UNIQUE KEY `nombre` (`nombre`),
  KEY `marca_id` (`marca_id`),
  CONSTRAINT `modelos_ibfk_1` FOREIGN KEY (`marca_id`) REFERENCES `marcas` (`marca_id`) ON DELETE CASCADE ON UPDATE CASCADE
) ENGINE=InnoDB AUTO_INCREMENT=201 DEFAULT CHARSET=utf8mb4 COLLATE=utf8mb4_0900_ai_ci;
/*!40101 SET character_set_client = @saved_cs_client */;

--
-- Dumping data for table `modelos`
--

LOCK TABLES `modelos` WRITE;
/*!40000 ALTER TABLE `modelos` DISABLE KEYS */;
INSERT INTO `modelos` VALUES (1,'Grip Botín','Suela antideslizante ideal para uso diario.',1318.19,NULL,46),(2,'Comfort Sandalia','Plantilla ergonómica para mayor confort.',1230.68,NULL,5),(3,'Pampa Tenis','Combinación de elegancia y comodidad.',1370.61,NULL,74),(4,'Terracota Mocasín','Diseño tradicional con toque moderno.',1223.99,NULL,34),(5,'Forge Chelsea','Modelo resistente con ajuste anatómico.',1314.43,NULL,65),(6,'Grafito Alpargata','Hecho a mano por artesanos mexicanos.',2447.90,NULL,40),(7,'Ímpetu Bota','Diseño versátil y atemporal.',2429.75,NULL,33),(8,'Artesanal Firme Huarache','Diseño artesanal con suela de caucho resistente.',1167.29,NULL,30),(9,'Atemporal Bota','Materiales ecológicos y duraderos.',1730.24,NULL,56),(10,'Comfort Zapatilla','Diseñado para máximo confort y estilo.',1975.92,NULL,95),(11,'Urbano Alpargata','Inspirado en el estilo urbano contemporáneo.',1196.51,NULL,10),(12,'Casual Oxford','Perfecto para climas cálidos y casuales.',1707.52,NULL,90),(13,'Urban Derby','Inspirado en el estilo urbano contemporáneo.',1387.02,NULL,75),(14,'Casual Loafer','Ideal para ocasiones formales y casuales.',2173.50,NULL,68),(15,'Arcilla Monk','Materiales ecológicos y duraderos.',1743.68,NULL,64),(16,'Artesanal Firme Sneaker','Diseño artesanal con suela de caucho resistente.',1717.74,NULL,42),(17,'Sereno Alpargata','Forro suave que brinda ventilación natural.',1904.62,NULL,73),(18,'Brío Ballerina','Ideal para largas caminatas o jornadas laborales.',1404.60,NULL,66),(19,'Comfort Botín','Diseñado para máximo confort y estilo.',2354.45,NULL,23),(20,'Artesanal Firme Bota','Diseño artesanal con suela de caucho resistente.',704.77,NULL,93),(21,'Forge Sandalia','Modelo resistente con ajuste anatómico.',2744.88,NULL,99),(22,'Comfort Tacón','Plantilla ergonómica para mayor confort.',2442.07,NULL,94),(23,'Sendero Tenis','Suela antideslizante ideal para uso diario.',2587.26,NULL,15),(24,'Artesanal Forge Tenis','Diseño artesanal con suela de caucho resistente.',2397.39,NULL,92),(25,'Eco Botín','Diseño tradicional con toque moderno.',939.60,NULL,49),(26,'Alero Huarache','Forro suave que brinda ventilación natural.',1595.51,NULL,14),(27,'Forja Oxford','Combinación de elegancia y comodidad.',1742.28,NULL,16),(28,'Ágil Mocasín','Modelo ligero y elegante.',1367.50,NULL,89),(29,'Swift Ballerina','Modelo ligero y elegante.',2070.55,NULL,36),(30,'Alisio Tenis','Forro suave que brinda ventilación natural.',1388.60,NULL,48),(31,'Ímpetu Zueco','Inspirado en la moda mexicana contemporánea.',2370.38,NULL,81),(32,'Artesanal Firme Sandalia','Diseño artesanal con suela de caucho resistente.',1411.29,NULL,44),(33,'Cobre Bota','Inspirado en la moda mexicana contemporánea.',1742.92,NULL,60),(34,'Brillo Tenis','Forro suave que brinda ventilación natural.',2314.60,NULL,41),(35,'Noble Náutico','Ideal para largas caminatas o jornadas laborales.',1670.01,NULL,4),(36,'Casual Mocasín','Ideal para ocasiones formales y casuales.',1507.48,NULL,76),(37,'Monte Náutico','Forro suave que brinda ventilación natural.',2310.17,NULL,70),(38,'Flex Botín','Calzado flexible con costuras reforzadas.',2676.55,NULL,58),(39,'Casual Bota','Perfecto para climas cálidos y casuales.',2084.47,NULL,26),(40,'Corteza Sandalia','Plantilla ergonómica para mayor confort.',1133.69,NULL,35),(41,'Casual Botín','Perfecto para climas cálidos y casuales.',2764.23,NULL,57),(42,'Zenit Tenis','Hecho a mano por artesanos mexicanos.',820.56,NULL,27),(43,'Urbano Tenis','Hecho a mano por artesanos mexicanos.',896.19,NULL,31),(44,'Piel Comfort Bota','Calzado cómodo de piel genuina.',1960.51,NULL,82),(45,'Roble Náutico','Diseño versátil y atemporal.',2467.05,NULL,80),(46,'Piel Comfort Oxford','Calzado cómodo de piel genuina.',1647.85,NULL,21),(47,'Raíz Bota','Perfecto para climas cálidos y casuales.',854.05,NULL,52),(48,'Latón Tenis','Combinación de elegancia y comodidad.',2764.15,NULL,19),(49,'Temple Bota','Calzado cómodo de piel genuina.',2084.52,NULL,25),(50,'Atemporal Chelsea','Ideal para largas caminatas o jornadas laborales.',1129.87,NULL,97),(51,'Roble Sandalia','Modelo resistente con ajuste anatómico.',1734.57,NULL,18),(52,'Urbano Botín','Combinación de elegancia y comodidad.',1030.18,NULL,12),(53,'Piel Comfort Botín','Calzado cómodo de piel genuina.',1204.70,NULL,6),(54,'Casual Tenis','Perfecto para climas cálidos y casuales.',2768.85,NULL,86),(55,'Urbano Bota','Inspirado en el estilo urbano contemporáneo.',1490.47,NULL,1),(56,'Flex Bota','Calzado flexible con costuras reforzadas.',1483.04,NULL,51),(57,'Casual Huarache','Ideal para ocasiones formales y casuales.',1791.03,NULL,2),(58,'Leather Chelsea','Acabado en piel natural de alta calidad.',2481.25,NULL,62),(59,'Pulso Bota','Ideal para ocasiones formales y casuales.',1022.82,NULL,39),(60,'Poniente Náutico','Hecho a mano por artesanos mexicanos.',758.31,NULL,87),(61,'Artesanal Firme Tenis','Diseño artesanal con suela de caucho resistente.',818.03,NULL,7),(62,'Urban Alpargata','Inspirado en el estilo urbano contemporáneo.',2719.17,NULL,61),(63,'Savia Huarache','Ideal para ocasiones formales y casuales.',1194.57,NULL,83),(64,'Flex Loafer','Calzado flexible con costuras reforzadas.',2639.38,NULL,77),(65,'Rústico Huarache','Inspirado en la moda mexicana contemporánea.',2602.21,NULL,63),(66,'Granito Tenis','Materiales ecológicos y duraderos.',1335.12,NULL,72),(67,'Firme Náutico','Modelo resistente con ajuste anatómico.',2639.75,NULL,8),(68,'Sendero Sandalia','Modelo resistente con ajuste anatómico.',1622.94,NULL,84),(69,'Bronce Tenis','Combinación de elegancia y comodidad.',2206.86,NULL,28),(70,'Comfort Bota','Plantilla ergonómica para mayor confort.',1393.60,NULL,71),(71,'Alba Sandalia','Diseño tradicional con toque moderno.',2787.62,NULL,3),(72,'Brío Mocasín','Ideal para largas caminatas o jornadas laborales.',2089.12,NULL,20),(73,'Lumbre Chelsea','Diseño tradicional con toque moderno.',1610.84,NULL,17),(74,'Alba Ballerina','Ideal para largas caminatas o jornadas laborales.',1381.06,NULL,13),(75,'Nácar Tenis','Ideal para ocasiones formales y casuales.',1809.42,NULL,59),(76,'Nácar Derby','Inspirado en el estilo urbano contemporáneo.',1218.58,NULL,54),(77,'Ceniza Botín','Ideal para ocasiones formales y casuales.',2007.49,NULL,32),(78,'Travesía Botín','Inspirado en la moda mexicana contemporánea.',2293.77,NULL,100),(79,'Casual Ballerina','Ideal para ocasiones formales y casuales.',1112.39,NULL,79),(80,'Grip Sneaker','Suela antideslizante ideal para uso diario.',740.28,NULL,91),(81,'Aura Mocasín','Hecho a mano por artesanos mexicanos.',2723.83,NULL,9),(82,'Sereno Bota','Diseñado para máximo confort y estilo.',1450.78,NULL,55),(83,'Travesía Náutico','Inspirado en la moda mexicana contemporánea.',2593.95,NULL,22),(84,'Clásico Bota','Hecho a mano por artesanos mexicanos.',805.19,NULL,69),(85,'Lumbre Oxford','Diseño versátil y atemporal.',1185.84,NULL,11),(86,'Ágil Bota','Materiales ecológicos y duraderos.',1602.60,NULL,43),(87,'Pradera Tenis','Forro suave que brinda ventilación natural.',1678.30,NULL,45),(88,'Brío Huarache','Ideal para largas caminatas o jornadas laborales.',2788.45,NULL,98),(89,'Clásico Huarache','Diseño tradicional con toque moderno.',2747.90,NULL,53),(90,'Temple Tenis','Hecho a mano por artesanos mexicanos.',2006.31,NULL,24),(91,'Comfort Oxford','Plantilla ergonómica para mayor confort.',2469.35,NULL,85),(92,'Faro Sandalia','Diseñado para máximo confort y estilo.',905.99,NULL,38),(93,'Flex Sandalia','Calzado flexible con costuras reforzadas.',1278.57,NULL,67),(94,'Corteza Bota','Inspirado en la moda mexicana contemporánea.',821.94,NULL,29),(95,'Comfort Tenis','Diseñado para máximo confort y estilo.',1300.36,NULL,47),(96,'Urbano Derby','Forro suave que brinda ventilación natural.',2912.11,NULL,50),(97,'Leather Comfort Zueco','Calzado cómodo de piel genuina.',2190.06,NULL,96),(98,'Flex Tenis','Calzado flexible con costuras reforzadas.',1487.78,NULL,88),(99,'Rústico Bota','Calzado flexible con costuras reforzadas.',1169.34,NULL,78),(100,'Valle Tenis','Diseño artesanal con suela de caucho resistente.',844.91,NULL,37),(101,'Fulgor Botín','Ideal para ocasiones formales y casuales.',2728.57,NULL,46),(102,'Casual Sandalia','Ideal para ocasiones formales y casuales.',1236.88,NULL,5),(103,'Sereno Tenis','Diseño artesanal con suela de caucho resistente.',853.23,NULL,74),(104,'Comfort Mocasín','Plantilla ergonómica para mayor confort.',817.20,NULL,34),(105,'Firme Chelsea','Modelo resistente con ajuste anatómico.',1689.23,NULL,65),(106,'Artesanal Firme Mocasín','Diseño artesanal con suela de caucho resistente.',2248.84,NULL,40),(107,'Eco Sandalia','Perfecto para climas cálidos y casuales.',731.16,NULL,33),(108,'Flex Huarache','Calzado flexible con costuras reforzadas.',2264.40,NULL,30),(109,'Travesía Bota','Calzado cómodo de piel genuina.',1277.41,NULL,56),(110,'Cedro Zapatilla','Plantilla ergonómica para mayor confort.',1074.00,NULL,95),(111,'Comfort Alpargata','Diseñado para máximo confort y estilo.',2900.93,NULL,10),(112,'Travesía Oxford','Hecho a mano por artesanos mexicanos.',1798.95,NULL,90),(113,'Grip Derby','Suela antideslizante ideal para uso diario.',2827.97,NULL,75),(114,'Comfort Loafer','Diseñado para máximo confort y estilo.',890.96,NULL,68),(115,'Comfort Monk','Diseñado para máximo confort y estilo.',2019.63,NULL,64),(116,'Temple Sneaker','Diseño tradicional con toque moderno.',2510.02,NULL,42),(117,'Swift Alpargata','Modelo ligero y elegante.',2133.19,NULL,73),(118,'Ímpetu Ballerina','Combinación de elegancia y comodidad.',1465.08,NULL,66),(119,'Cedro Botín','Calzado cómodo de piel genuina.',1038.10,NULL,23),(120,'Piel Bota','Hecho a mano por artesanos mexicanos.',2652.79,NULL,93),(121,'Swift Sandalia','Modelo ligero y elegante.',2990.19,NULL,99),(122,'Piel Tacón','Plantilla ergonómica para mayor confort.',2800.99,NULL,94),(123,'Swift Tenis','Modelo ligero y elegante.',2970.66,NULL,15),(124,'Piel Comfort Tenis','Calzado cómodo de piel genuina.',2880.32,NULL,92),(125,'Alisio Botín','Combinación de elegancia y comodidad.',2259.32,NULL,49),(126,'Leather Tenis','Acabado en piel natural de alta calidad.',2641.24,NULL,14),(127,'Flex Ballerina','Calzado flexible con costuras reforzadas.',2647.50,NULL,16),(128,'Bronce Mocasín','Combinación de elegancia y comodidad.',2240.81,NULL,89),(129,'Leather Derby','Acabado en piel natural de alta calidad.',1018.08,NULL,36),(130,'Urban Tenis','Inspirado en el estilo urbano contemporáneo.',1058.32,NULL,48),(131,'Poniente Loafer','Perfecto para climas cálidos y casuales.',1152.60,NULL,81),(132,'Grafito Sandalia','Plantilla ergonómica para mayor confort.',980.10,NULL,44),(133,'Latón Ballerina','Calzado flexible con costuras reforzadas.',2747.73,NULL,60),(134,'Arcilla Tenis','Diseñado para máximo confort y estilo.',972.24,NULL,41),(135,'Casual Náutico','Perfecto para climas cálidos y casuales.',1305.29,NULL,4),(136,'Pampa Mocasín','Diseño tradicional con toque moderno.',2245.91,NULL,76),(137,'Estela Derby','Diseño tradicional con toque moderno.',1770.82,NULL,70),(138,'Estela Botín','Diseño tradicional con toque moderno.',1418.17,NULL,58),(139,'Leather Bota','Acabado en piel natural de alta calidad.',2659.23,NULL,26),(140,'Alisio Sandalia','Forro suave que brinda ventilación natural.',2048.59,NULL,35),(141,'Forge Botín','Modelo resistente con ajuste anatómico.',864.41,NULL,57),(142,'Cedro Tenis','Diseño tradicional con toque moderno.',1707.62,NULL,27),(143,'Viento Tenis','Perfecto para climas cálidos y casuales.',1104.32,NULL,31),(144,'Bruma Bota','Forro suave que brinda ventilación natural.',2255.17,NULL,82),(145,'Cedro Sandalia','Perfecto para climas cálidos y casuales.',2128.27,NULL,80),(146,'Sombra Tenis','Perfecto para climas cálidos y casuales.',2902.45,NULL,21),(147,'Flex Monk','Calzado flexible con costuras reforzadas.',1539.66,NULL,52),(148,'Forja Monk','Ideal para largas caminatas o jornadas laborales.',1026.88,NULL,19),(149,'Valle Bota','Diseño tradicional con toque moderno.',1093.48,NULL,25),(150,'Swift Mocasín','Modelo ligero y elegante.',1190.40,NULL,97),(151,'Cobre Sandalia','Plantilla ergonómica para mayor confort.',2108.66,NULL,18),(152,'Savia Loafer','Forro suave que brinda ventilación natural.',2517.59,NULL,12),(153,'Urban Botín','Inspirado en el estilo urbano contemporáneo.',2710.86,NULL,6),(154,'Firme Tenis','Modelo resistente con ajuste anatómico.',2614.69,NULL,86),(155,'Bruma Ballerina','Perfecto para climas cálidos y casuales.',798.75,NULL,1),(156,'Lumbre Bota','Combinación de elegancia y comodidad.',885.57,NULL,51),(157,'Arcilla Huarache','Ideal para ocasiones formales y casuales.',2487.24,NULL,2),(158,'Viento Chelsea','Combinación de elegancia y comodidad.',1864.56,NULL,62),(159,'Estela Chelsea','Inspirado en la moda mexicana contemporánea.',1896.16,NULL,39),(160,'Eco Chelsea','Ideal para largas caminatas o jornadas laborales.',1779.96,NULL,87),(161,'Granito Monk','Combinación de elegancia y comodidad.',858.43,NULL,7),(162,'Artesanal Forge Alpargata','Diseño artesanal con suela de caucho resistente.',2673.56,NULL,61),(163,'Terracota Bota','Acabado en piel natural de alta calidad.',1768.93,NULL,83),(164,'Bronce Bota','Ideal para ocasiones formales y casuales.',1960.70,NULL,77),(165,'Arcilla Bota','Plantilla ergonómica para mayor confort.',2801.97,NULL,63),(166,'Raíz Tenis','Diseño artesanal con suela de caucho resistente.',2653.85,NULL,72),(167,'Alisio Huarache','Forro suave que brinda ventilación natural.',1682.45,NULL,8),(168,'Mimbre Bota','Calzado flexible con costuras reforzadas.',1413.20,NULL,84),(169,'Leather Comfort Sandalia','Calzado cómodo de piel genuina.',2638.11,NULL,28),(170,'Urban Bota','Inspirado en el estilo urbano contemporáneo.',840.50,NULL,71),(171,'Clásico Alpargata','Materiales ecológicos y duraderos.',2164.01,NULL,3),(172,'Grafito Botín','Inspirado en el estilo urbano contemporáneo.',1095.16,NULL,20),(173,'Valle Náutico','Diseño tradicional con toque moderno.',2614.54,NULL,17),(174,'Leather Comfort Chelsea','Calzado cómodo de piel genuina.',2161.34,NULL,13),(175,'Grip Tenis','Suela antideslizante ideal para uso diario.',1150.72,NULL,59),(176,'Pampa Derby','Diseño tradicional con toque moderno.',2877.38,NULL,54),(177,'Forja Botín','Ideal para ocasiones formales y casuales.',2987.26,NULL,32),(178,'Urbano Oxford','Hecho a mano por artesanos mexicanos.',1431.19,NULL,100),(179,'Corteza Botín','Diseñado para máximo confort y estilo.',1377.82,NULL,79),(180,'Leather Náutico','Acabado en piel natural de alta calidad.',886.56,NULL,91),(181,'Piel Comfort Alpargata','Calzado cómodo de piel genuina.',1550.59,NULL,9),(182,'Leather Comfort Botín','Calzado cómodo de piel genuina.',2452.19,NULL,55),(183,'Grafito Chelsea','Modelo resistente con ajuste anatómico.',2731.80,NULL,22),(184,'Pradera Chelsea','Inspirado en la moda mexicana contemporánea.',2108.80,NULL,69),(185,'Viento Botín','Diseño versátil y atemporal.',2553.72,NULL,11),(186,'Artesanal Forge Náutico','Diseño artesanal con suela de caucho resistente.',1279.99,NULL,43),(187,'Pulso Tenis','Suela antideslizante ideal para uso diario.',2839.56,NULL,45),(188,'Pampa Botín','Plantilla ergonómica para mayor confort.',2553.51,NULL,98),(189,'Esencia Sneaker','Diseño versátil y atemporal.',950.19,NULL,53),(190,'Alba Tenis','Hecho a mano por artesanos mexicanos.',1070.64,NULL,24),(191,'Pulso Ballerina','Inspirado en la moda mexicana contemporánea.',2177.53,NULL,85),(192,'Temple Derby','Ideal para largas caminatas o jornadas laborales.',1968.15,NULL,38),(193,'Sombra Sandalia','Calzado cómodo de piel genuina.',2289.78,NULL,67),(194,'Grafito Náutico','Modelo resistente con ajuste anatómico.',1835.40,NULL,29),(195,'Atemporal Náutico','Inspirado en la moda mexicana contemporánea.',2410.12,NULL,47),(196,'Comfort Ballerina','Diseñado para máximo confort y estilo.',761.49,NULL,50),(197,'Brillo Botín','Forro suave que brinda ventilación natural.',1815.24,NULL,96),(198,'Luna Tenis','Combinación de elegancia y comodidad.',2763.30,NULL,88),(199,'Faro Bota','Perfecto para climas cálidos y casuales.',1286.63,NULL,78),(200,'Sendero Derby','Diseño tradicional con toque moderno.',1963.97,NULL,37);
/*!40000 ALTER TABLE `modelos` ENABLE KEYS */;
UNLOCK TABLES;

--
-- Table structure for table `municipios`
--

DROP TABLE IF EXISTS `municipios`;
/*!40101 SET @saved_cs_client     = @@character_set_client */;
/*!50503 SET character_set_client = utf8mb4 */;
CREATE TABLE `municipios` (
  `clave` char(5) NOT NULL,
  `nombre` varchar(100) NOT NULL,
  `clave_estado` char(2) NOT NULL,
  PRIMARY KEY (`clave`),
  KEY `clave_estado` (`clave_estado`),
  CONSTRAINT `municipios_ibfk_1` FOREIGN KEY (`clave_estado`) REFERENCES `estados` (`clave`) ON DELETE CASCADE ON UPDATE CASCADE
) ENGINE=InnoDB DEFAULT CHARSET=utf8mb4 COLLATE=utf8mb4_0900_ai_ci;
/*!40101 SET character_set_client = @saved_cs_client */;

--
-- Dumping data for table `municipios`
--

LOCK TABLES `municipios` WRITE;
/*!40000 ALTER TABLE `municipios` DISABLE KEYS */;
INSERT INTO `municipios` VALUES ('01001','Aguascalientes','01'),('01002','Asientos','01'),('01003','Calvillo','01'),('01004','Cosío','01'),('01005','Jesús María','01'),('01006','Pabellón de Arteaga','01'),('01007','Rincón de Romos','01'),('01008','San José de Gracia','01'),('01009','Tepezalá','01'),('01010','El Llano','01'),('01011','San Francisco de los Romo','01'),('02001','Ensenada','02'),('02002','Mexicali','02'),('02003','Tecate','02'),('02004','Tijuana','02'),('02005','Playas de Rosarito','02'),('03001','Comondú','03'),('03002','Mulegé','03'),('03003','La Paz','03'),('03008','Los Cabos','03'),('03009','Loreto','03'),('04001','Calkiní','04'),('04002','Campeche','04'),('04003','Carmen','04'),('04004','Champotón','04'),('04005','Hecelchakán','04'),('04006','Hopelchén','04'),('04007','Palizada','04'),('04008','Tenabo','04'),('04009','Escárcega','04'),('04010','Calakmul','04'),('04011','Candelaria','04'),('05001','Abasolo','05'),('05002','Acuña','05'),('05003','Allende','05'),('05004','Arteaga','05'),('05005','Candela','05'),('05006','Castaños','05'),('05007','Cuatro Ciénegas','05'),('05008','Escobedo','05'),('05009','Francisco I. Madero','05'),('05010','Frontera','05'),('05011','General Cepeda','05'),('05012','Guerrero','05'),('05013','Hidalgo','05'),('05014','Jiménez','05'),('05015','Juárez','05'),('05016','Lamadrid','05'),('05017','Matamoros','05'),('05018','Monclova','05'),('05019','Morelos','05'),('05020','Múzquiz','05'),('05021','Nadadores','05'),('05022','Nava','05'),('05023','Ocampo','05'),('05024','Parras','05'),('05025','Piedras Negras','05'),('05026','Progreso','05'),('05027','Ramos Arizpe','05'),('05028','Sabinas','05'),('05029','Sacramento','05'),('05030','Saltillo','05'),('05031','San Buenaventura','05'),('05032','San Juan de Sabinas','05'),('05033','San Pedro','05'),('05034','Sierra Mojada','05'),('05035','Torreón','05'),('05036','Viesca','05'),('05037','Villa Unión','05'),('05038','Zaragoza','05'),('06001','Armería','06'),('06002','Colima','06'),('06003','Comala','06'),('06004','Coquimatlán','06'),('06005','Cuauhtémoc','06'),('06006','Ixtlahuacán','06'),('06007','Manzanillo','06'),('06008','Minatitlán','06'),('06009','Tecomán','06'),('06010','Villa de Álvarez','06'),('07001','Acacoyagua','07'),('07002','Acala','07'),('07003','Acapetahua','07'),('07004','Altamirano','07'),('07005','Amatán','07'),('07006','Amatenango de la Frontera','07'),('07007','Amatenango del Valle','07'),('07008','Angel Albino Corzo','07'),('07009','Arriaga','07'),('07010','Bejucal de Ocampo','07'),('07011','Bella Vista','07'),('07012','Berriozábal','07'),('07013','Bochil','07'),('07014','El Bosque','07'),('07015','Cacahoatán','07'),('07016','Catazajá','07'),('07017','Cintalapa','07'),('07018','Coapilla','07'),('07019','Comitán de Domínguez','07'),('07020','La Concordia','07'),('07021','Copainalá','07'),('07022','Chalchihuitán','07'),('07023','Chamula','07'),('07024','Chanal','07'),('07025','Chapultenango','07'),('07026','Chenalhó','07'),('07027','Chiapa de Corzo','07'),('07028','Chiapilla','07'),('07029','Chicoasén','07'),('07030','Chicomuselo','07'),('07031','Chilón','07'),('07032','Escuintla','07'),('07033','Francisco León','07'),('07034','Frontera Comalapa','07'),('07035','Frontera Hidalgo','07'),('07036','La Grandeza','07'),('07037','Huehuetán','07'),('07038','Huixtán','07'),('07039','Huitiupán','07'),('07040','Huixtla','07'),('07041','La Independencia','07'),('07042','Ixhuatán','07'),('07043','Ixtacomitán','07'),('07044','Ixtapa','07'),('07045','Ixtapangajoya','07'),('07046','Jiquipilas','07'),('07047','Jitotol','07'),('07048','Juárez','07'),('07049','Larráinzar','07'),('07050','La Libertad','07'),('07051','Mapastepec','07'),('07052','Las Margaritas','07'),('07053','Mazapa de Madero','07'),('07054','Mazatán','07'),('07055','Metapa','07'),('07056','Mitontic','07'),('07057','Motozintla','07'),('07058','Nicolás Ruíz','07'),('07059','Ocosingo','07'),('07060','Ocotepec','07'),('07061','Ocozocoautla de Espinosa','07'),('07062','Ostuacán','07'),('07063','Osumacinta','07'),('07064','Oxchuc','07'),('07065','Palenque','07'),('07066','Pantelhó','07'),('07067','Pantepec','07'),('07068','Pichucalco','07'),('07069','Pijijiapan','07'),('07070','El Porvenir','07'),('07071','Villa Comaltitlán','07'),('07072','Pueblo Nuevo Solistahuacán','07'),('07073','Rayón','07'),('07074','Reforma','07'),('07075','Las Rosas','07'),('07076','Sabanilla','07'),('07077','Salto de Agua','07'),('07078','San Cristóbal de las Casas','07'),('07079','San Fernando','07'),('07080','Siltepec','07'),('07081','Simojovel','07'),('07082','Sitalá','07'),('07083','Socoltenango','07'),('07084','Solosuchiapa','07'),('07085','Soyaló','07'),('07086','Suchiapa','07'),('07087','Suchiate','07'),('07088','Sunuapa','07'),('07089','Tapachula','07'),('07090','Tapalapa','07'),('07091','Tapilula','07'),('07092','Tecpatán','07'),('07093','Tenejapa','07'),('07094','Teopisca','07'),('07096','Tila','07'),('07097','Tonalá','07'),('07098','Totolapa','07'),('07099','La Trinitaria','07'),('07100','Tumbalá','07'),('07101','Tuxtla Gutiérrez','07'),('07102','Tuxtla Chico','07'),('07103','Tuzantán','07'),('07104','Tzimol','07'),('07105','Unión Juárez','07'),('07106','Venustiano Carranza','07'),('07107','Villa Corzo','07'),('07108','Villaflores','07'),('07109','Yajalón','07'),('07110','San Lucas','07'),('07111','Zinacantán','07'),('07112','San Juan Cancuc','07'),('07113','Aldama','07'),('07114','Benemérito de las Américas','07'),('07115','Maravilla Tenejapa','07'),('07116','Marqués de Comillas','07'),('07117','Montecristo de Guerrero','07'),('07118','San Andrés Duraznal','07'),('07119','Santiago el Pinar','07'),('08001','Ahumada','08'),('08002','Aldama','08'),('08003','Allende','08'),('08004','Aquiles Serdán','08'),('08005','Ascensión','08'),('08006','Bachíniva','08'),('08007','Balleza','08'),('08008','Batopilas','08'),('08009','Bocoyna','08'),('08010','Buenaventura','08'),('08011','Camargo','08'),('08012','Carichí','08'),('08013','Casas Grandes','08'),('08014','Coronado','08'),('08015','Coyame del Sotol','08'),('08016','La Cruz','08'),('08017','Cuauhtémoc','08'),('08018','Cusihuiriachi','08'),('08019','Chihuahua','08'),('08020','Chínipas','08'),('08021','Delicias','08'),('08022','Dr. Belisario Domínguez','08'),('08023','Galeana','08'),('08024','Santa Isabel','08'),('08025','Gómez Farías','08'),('08026','Gran Morelos','08'),('08027','Guachochi','08'),('08028','Guadalupe','08'),('08029','Guadalupe y Calvo','08'),('08030','Guazapares','08'),('08031','Guerrero','08'),('08032','Hidalgo del Parral','08'),('08033','Huejotitán','08'),('08034','Ignacio Zaragoza','08'),('08035','Janos','08'),('08036','Jiménez','08'),('08037','Juárez','08'),('08038','Julimes','08'),('08039','López','08'),('08040','Madera','08'),('08041','Maguarichi','08'),('08042','Manuel Benavides','08'),('08043','Matachí','08'),('08044','Matamoros','08'),('08045','Meoqui','08'),('08046','Morelos','08'),('08047','Moris','08'),('08048','Namiquipa','08'),('08049','Nonoava','08'),('08050','Nuevo Casas Grandes','08'),('08051','Ocampo','08'),('08052','Ojinaga','08'),('08053','Praxedis G. Guerrero','08'),('08054','Riva Palacio','08'),('08055','Rosales','08'),('08056','Rosario','08'),('08057','San Francisco de Borja','08'),('08058','San Francisco de Conchos','08'),('08059','San Francisco del Oro','08'),('08060','Santa Bárbara','08'),('08061','Satevó','08'),('08062','Saucillo','08'),('08063','Temósachic','08'),('08064','El Tule','08'),('08065','Urique','08'),('08066','Uruachi','08'),('08067','Valle de Zaragoza','08'),('09002','Azcapotzalco','09'),('09003','Coyoacán','09'),('09004','Cuajimalpa de Morelos','09'),('09005','Gustavo A. Madero','09'),('09006','Iztacalco','09'),('09007','Iztapalapa','09'),('09008','La Magdalena Contreras','09'),('09009','Milpa Alta','09'),('09010','Álvaro Obregón','09'),('09011','Tláhuac','09'),('09012','Tlalpan','09'),('09013','Xochimilco','09'),('09014','Benito Juárez','09'),('09015','Cuauhtémoc','09'),('09016','Miguel Hidalgo','09'),('09017','Venustiano Carranza','09'),('10001','Canatlán','10'),('10002','Canelas','10'),('10003','Coneto de Comonfort','10'),('10004','Cuencamé','10'),('10005','Durango','10'),('10006','General Simón Bolívar','10'),('10007','Gómez Palacio','10'),('10008','Guadalupe Victoria','10'),('10009','Guanaceví','10'),('10010','Hidalgo','10'),('10011','Indé','10'),('10012','Lerdo','10'),('10013','Mapimí','10'),('10014','Mezquital','10'),('10015','Nazas','10'),('10016','Nombre de Dios','10'),('10017','Ocampo','10'),('10018','El Oro','10'),('10019','Otáez','10'),('10020','Pánuco de Coronado','10'),('10021','Peñón Blanco','10'),('10022','Poanas','10'),('10023','Pueblo Nuevo','10'),('10024','Rodeo','10'),('10025','San Bernardo','10'),('10026','San Dimas','10'),('10027','San Juan de Guadalupe','10'),('10028','San Juan del Río','10'),('10029','San Luis del Cordero','10'),('10030','San Pedro del Gallo','10'),('10031','Santa Clara','10'),('10032','Santiago Papasquiaro','10'),('10033','Súchil','10'),('10034','Tamazula','10'),('10035','Tepehuanes','10'),('10036','Tlahualilo','10'),('10037','Topia','10'),('10038','Vicente Guerrero','10'),('10039','Nuevo Ideal','10'),('11001','Abasolo','11'),('11002','Acámbaro','11'),('11003','San Miguel de Allende','11'),('11004','Apaseo el Alto','11'),('11005','Apaseo el Grande','11'),('11006','Atarjea','11'),('11007','Celaya','11'),('11008','Manuel Doblado','11'),('11009','Comonfort','11'),('11010','Coroneo','11'),('11011','Cortazar','11'),('11012','Cuerámaro','11'),('11013','Doctor Mora','11'),('11014','Dolores Hidalgo Cuna de la Independencia Nacional','11'),('11015','Guanajuato','11'),('11016','Huanímaro','11'),('11017','Irapuato','11'),('11018','Jaral del Progreso','11'),('11019','Jerécuaro','11'),('11020','León','11'),('11021','Moroleón','11'),('11022','Ocampo','11'),('11023','Pénjamo','11'),('11024','Pueblo Nuevo','11'),('11025','Purísima del Rincón','11'),('11026','Romita','11'),('11027','Salamanca','11'),('11028','Salvatierra','11'),('11029','San Diego de la Unión','11'),('11030','San Felipe','11'),('11031','San Francisco del Rincón','11'),('11032','San José Iturbide','11'),('11033','San Luis de la Paz','11'),('11034','Santa Catarina','11'),('11035','Santa Cruz de Juventino Rosas','11'),('11036','Santiago Maravatío','11'),('11037','Silao de la Victoria','11'),('11038','Tarandacuao','11'),('11039','Tarimoro','11'),('11040','Tierra Blanca','11'),('11041','Uriangato','11'),('11042','Valle de Santiago','11'),('11043','Victoria','11'),('11044','Villagrán','11'),('11045','Xichú','11'),('11046','Yuriria','11'),('12001','Acapulco de Juárez','12'),('12002','Ahuacuotzingo','12'),('12003','Ajuchitlán del Progreso','12'),('12004','Alcozauca de Guerrero','12'),('12005','Alpoyeca','12'),('12006','Apaxtla','12'),('12007','Arcelia','12'),('12008','Atenango del Río','12'),('12009','Atlamajalcingo del Monte','12'),('12010','Atlixtac','12'),('12011','Atoyac de Álvarez','12'),('12012','Ayutla de los Libres','12'),('12013','Azoyú','12'),('12014','Benito Juárez','12'),('12015','Buenavista de Cuéllar','12'),('12016','Coahuayutla de José María Izazaga','12'),('12017','Cocula','12'),('12018','Copala','12'),('12019','Copalillo','12'),('12020','Copanatoyac','12'),('12021','Coyuca de Benítez','12'),('12022','Coyuca de Catalán','12'),('12023','Cuajinicuilapa','12'),('12024','Cualác','12'),('12025','Cuautepec','12'),('12026','Cuetzala del Progreso','12'),('12027','Cutzamala de Pinzón','12'),('12028','Chilapa de Álvarez','12'),('12029','Chilpancingo de los Bravo','12'),('12030','Florencio Villarreal','12'),('12031','General Canuto A. Neri','12'),('12032','General Heliodoro Castillo','12'),('12033','Huamuxtitlán','12'),('12034','Huitzuco de los Figueroa','12'),('12035','Iguala de la Independencia','12'),('12036','Igualapa','12'),('12037','Ixcateopan de Cuauhtémoc','12'),('12038','Zihuatanejo de Azueta','12'),('12039','Juan R. Escudero','12'),('12040','Leonardo Bravo','12'),('12041','Malinaltepec','12'),('12042','Mártir de Cuilapan','12'),('12043','Metlatónoc','12'),('12044','Mochitlán','12'),('12045','Olinalá','12'),('12046','Ometepec','12'),('12047','Pedro Ascencio Alquisiras','12'),('12048','Petatlán','12'),('12049','Pilcaya','12'),('12050','Pungarabato','12'),('12051','Quechultenango','12'),('12052','San Luis Acatlán','12'),('12053','San Marcos','12'),('12054','San Miguel Totolapan','12'),('12055','Taxco de Alarcón','12'),('12056','Tecoanapa','12'),('12057','Técpan de Galeana','12'),('12058','Teloloapan','12'),('12059','Tepecoacuilco de Trujano','12'),('12060','Tetipac','12'),('12061','Tixtla de Guerrero','12'),('12062','Tlacoachistlahuaca','12'),('12063','Tlacoapa','12'),('12064','Tlalchapa','12'),('12065','Tlalixtaquilla de Maldonado','12'),('12066','Tlapa de Comonfort','12'),('12067','Tlapehuala','12'),('12068','La Unión de Isidoro Montes de Oca','12'),('12069','Xalpatláhuac','12'),('12070','Xochihuehuetlán','12'),('12071','Xochistlahuaca','12'),('12072','Zapotitlán Tablas','12'),('12073','Zirándaro','12'),('12074','Zitlala','12'),('12075','Eduardo Neri','12'),('12076','Acatepec','12'),('12077','Marquelia','12'),('12078','Cochoapa el Grande','12'),('12079','José Joaquín de Herrera','12'),('12080','Juchitán','12'),('12081','Iliatenco','12'),('13001','Acatlán','13'),('13002','Acaxochitlán','13'),('13003','Actopan','13'),('13004','Agua Blanca de Iturbide','13'),('13005','Ajacuba','13'),('13006','Alfajayucan','13'),('13007','Almoloya','13'),('13008','Apan','13'),('13009','El Arenal','13'),('13010','Atitalaquia','13'),('13011','Atlapexco','13'),('13012','Atotonilco el Grande','13'),('13013','Atotonilco de Tula','13'),('13014','Calnali','13'),('13015','Cardonal','13'),('13016','Cuautepec de Hinojosa','13'),('13017','Chapantongo','13'),('13018','Chapulhuacán','13'),('13019','Chilcuautla','13'),('13020','Eloxochitlán','13'),('13021','Emiliano Zapata','13'),('13022','Epazoyucan','13'),('13023','Francisco I. Madero','13'),('13024','Huasca de Ocampo','13'),('13025','Huautla','13'),('13026','Huazalingo','13'),('13027','Huehuetla','13'),('13028','Huejutla de Reyes','13'),('13029','Huichapan','13'),('13030','Ixmiquilpan','13'),('13031','Jacala de Ledezma','13'),('13032','Jaltocán','13'),('13033','Juárez Hidalgo','13'),('13034','Lolotla','13'),('13035','Metepec','13'),('13036','San Agustín Metzquititlán','13'),('13037','Metztitlán','13'),('13038','Mineral del Chico','13'),('13039','Mineral del Monte','13'),('13040','La Misión','13'),('13041','Mixquiahuala de Juárez','13'),('13042','Molango de Escamilla','13'),('13043','Nicolás Flores','13'),('13044','Nopala de Villagrán','13'),('13045','Omitlán de Juárez','13'),('13046','San Felipe Orizatlán','13'),('13047','Pacula','13'),('13048','Pachuca de Soto','13'),('13049','Pisaflores','13'),('13050','Progreso de Obregón','13'),('13051','Mineral de la Reforma','13'),('13052','San Agustín Tlaxiaca','13'),('13053','San Bartolo Tutotepec','13'),('13054','San Salvador','13'),('13055','Santiago de Anaya','13'),('13056','Santiago Tulantepec de Lugo Guerrero','13'),('13057','Singuilucan','13'),('13058','Tasquillo','13'),('13059','Tecozautla','13'),('13060','Tenango de Doria','13'),('13061','Tepeapulco','13'),('13062','Tepehuacán de Guerrero','13'),('13063','Tepeji del Río de Ocampo','13'),('13064','Tepetitlán','13'),('13065','Tetepango','13'),('13066','Villa de Tezontepec','13'),('13067','Tezontepec de Aldama','13'),('13068','Tianguistengo','13'),('13069','Tizayuca','13'),('13070','Tlahuelilpan','13'),('13071','Tlahuiltepa','13'),('13072','Tlanalapa','13'),('13073','Tlanchinol','13'),('13074','Tlaxcoapan','13'),('13075','Tolcayuca','13'),('13076','Tula de Allende','13'),('13077','Tulancingo de Bravo','13'),('13078','Xochiatipan','13'),('13079','Xochicoatlán','13'),('13080','Yahualica','13'),('13081','Zacualtipán de Ángeles','13'),('13082','Zapotlán de Juárez','13'),('13083','Zempoala','13'),('13084','Zimapán','13'),('14001','Acatic','14'),('14002','Acatlán de Juárez','14'),('14003','Ahualulco de Mercado','14'),('14004','Amacueca','14'),('14005','Amatitán','14'),('14006','Ameca','14'),('14007','San Juanito de Escobedo','14'),('14008','Arandas','14'),('14009','El Arenal','14'),('14010','Atemajac de Brizuela','14'),('14011','Atengo','14'),('14012','Atenguillo','14'),('14013','Atotonilco el Alto','14'),('14014','Atoyac','14'),('14015','Autlán de Navarro','14'),('14016','Ayotlán','14'),('14017','Ayutla','14'),('14018','La Barca','14'),('14019','Bolaños','14'),('14020','Cabo Corrientes','14'),('14021','Casimiro Castillo','14'),('14022','Cihuatlán','14'),('14023','Zapotlán el Grande','14'),('14024','Cocula','14'),('14025','Colotlán','14'),('14026','Concepción de Buenos Aires','14'),('14027','Cuautitlán de García Barragán','14'),('14028','Cuautla','14'),('14029','Cuquío','14'),('14030','Chapala','14'),('14031','Chimaltitán','14'),('14032','Chiquilistlán','14'),('14033','Degollado','14'),('14034','Ejutla','14'),('14035','Encarnación de Díaz','14'),('14036','Etzatlán','14'),('14037','El Grullo','14'),('14038','Guachinango','14'),('14039','Guadalajara','14'),('14040','Hostotipaquillo','14'),('14041','Huejúcar','14'),('14042','Huejuquilla el Alto','14'),('14043','La Huerta','14'),('14044','Ixtlahuacán de los Membrillos','14'),('14045','Ixtlahuacán del Río','14'),('14046','Jalostotitlán','14'),('14047','Jamay','14'),('14048','Jesús María','14'),('14049','Jilotlán de los Dolores','14'),('14050','Jocotepec','14'),('14051','Juanacatlán','14'),('14052','Juchitlán','14'),('14053','Lagos de Moreno','14'),('14054','El Limón','14'),('14055','Magdalena','14'),('14056','Santa María del Oro','14'),('14057','La Manzanilla de la Paz','14'),('14058','Mascota','14'),('14059','Mazamitla','14'),('14060','Mexticacán','14'),('14061','Mezquitic','14'),('14062','Mixtlán','14'),('14063','Ocotlán','14'),('14064','Ojuelos de Jalisco','14'),('14065','Pihuamo','14'),('14066','Poncitlán','14'),('14067','Puerto Vallarta','14'),('14068','Villa Purificación','14'),('14069','Quitupan','14'),('14070','El Salto','14'),('14071','San Cristóbal de la Barranca','14'),('14072','San Diego de Alejandría','14'),('14073','San Juan de los Lagos','14'),('14074','San Julián','14'),('14075','San Marcos','14'),('14076','San Martín de Bolaños','14'),('14077','San Martín Hidalgo','14'),('14078','San Miguel el Alto','14'),('14079','Gómez Farías','14'),('14080','San Sebastián del Oeste','14'),('14081','Santa María de los Ángeles','14'),('14082','Sayula','14'),('14083','Tala','14'),('14084','Talpa de Allende','14'),('14085','Tamazula de Gordiano','14'),('14086','Tapalpa','14'),('14087','Tecalitlán','14'),('14088','Tecolotlán','14'),('14089','Techaluta de Montenegro','14'),('14090','Tenamaxtlán','14'),('14091','Teocaltiche','14'),('14092','Teocuitatlán de Corona','14'),('14093','Tepatitlán de Morelos','14'),('14094','Tequila','14'),('14095','Teuchitlán','14'),('14096','Tizapán el Alto','14'),('14097','Tlajomulco de Zúñiga','14'),('14098','San Pedro Tlaquepaque','14'),('14099','Tolimán','14'),('14100','Tomatlán','14'),('14101','Tonalá','14'),('14102','Tonaya','14'),('14103','Tonila','14'),('14104','Totatiche','14'),('14105','Tototlán','14'),('14106','Tuxcacuesco','14'),('14107','Tuxcueca','14'),('14108','Tuxpan','14'),('14109','Unión de San Antonio','14'),('14110','Unión de Tula','14'),('14111','Valle de Guadalupe','14'),('14112','Valle de Juárez','14'),('14113','San Gabriel','14'),('14114','Villa Corona','14'),('14115','Villa Guerrero','14'),('14116','Villa Hidalgo','14'),('14117','Cañadas de Obregón','14'),('14118','Yahualica de González Gallo','14'),('14119','Zacoalco de Torres','14'),('14120','Zapopan','14'),('14121','Zapotiltic','14'),('14122','Zapotitlán de Vadillo','14'),('14123','Zapotlán del Rey','14'),('14124','Zapotlanejo','14'),('14125','San Ignacio Cerro Gordo','14'),('15001','Acambay de Ruíz Castañeda','15'),('15002','Acolman','15'),('15003','Aculco','15'),('15004','Almoloya de Alquisiras','15'),('15005','Almoloya de Juárez','15'),('15006','Almoloya del Río','15'),('15007','Amanalco','15'),('15008','Amatepec','15'),('15009','Amecameca','15'),('15010','Apaxco','15'),('15011','Atenco','15'),('15012','Atizapán','15'),('15013','Atizapán de Zaragoza','15'),('15014','Atlacomulco','15'),('15015','Atlautla','15'),('15016','Axapusco','15'),('15017','Ayapango','15'),('15018','Calimaya','15'),('15019','Capulhuac','15'),('15020','Coacalco de Berriozábal','15'),('15021','Coatepec Harinas','15'),('15022','Cocotitlán','15'),('15023','Coyotepec','15'),('15024','Cuautitlán','15'),('15025','Chalco','15'),('15026','Chapa de Mota','15'),('15027','Chapultepec','15'),('15028','Chiautla','15'),('15029','Chicoloapan','15'),('15030','Chiconcuac','15'),('15031','Chimalhuacán','15'),('15032','Donato Guerra','15'),('15033','Ecatepec de Morelos','15'),('15034','Ecatzingo','15'),('15035','Huehuetoca','15'),('15036','Hueypoxtla','15'),('15037','Huixquilucan','15'),('15038','Isidro Fabela','15'),('15039','Ixtapaluca','15'),('15040','Ixtapan de la Sal','15'),('15041','Ixtapan del Oro','15'),('15042','Ixtlahuaca','15'),('15043','Xalatlaco','15'),('15044','Jaltenco','15'),('15045','Jilotepec','15'),('15046','Jilotzingo','15'),('15047','Jiquipilco','15'),('15048','Jocotitlán','15'),('15049','Joquicingo','15'),('15050','Juchitepec','15'),('15051','Lerma','15'),('15052','Malinalco','15'),('15053','Melchor Ocampo','15'),('15054','Metepec','15'),('15055','Mexicaltzingo','15'),('15056','Morelos','15'),('15057','Naucalpan de Juárez','15'),('15058','Nezahualcóyotl','15'),('15059','Nextlalpan','15'),('15060','Nicolás Romero','15'),('15061','Nopaltepec','15'),('15062','Ocoyoacac','15'),('15063','Ocuilan','15'),('15064','El Oro','15'),('15065','Otumba','15'),('15066','Otzoloapan','15'),('15067','Otzolotepec','15'),('15068','Ozumba','15'),('15069','Papalotla','15'),('15070','La Paz','15'),('15071','Polotitlán','15'),('15072','Rayón','15'),('15073','San Antonio la Isla','15'),('15074','San Felipe del Progreso','15'),('15075','San Martín de las Pirámides','15'),('15076','San Mateo Atenco','15'),('15077','San Simón de Guerrero','15'),('15078','Santo Tomás','15'),('15079','Soyaniquilpan de Juárez','15'),('15080','Sultepec','15'),('15081','Tecámac','15'),('15082','Tejupilco','15'),('15083','Temamatla','15'),('15084','Temascalapa','15'),('15085','Temascalcingo','15'),('15086','Temascaltepec','15'),('15087','Temoaya','15'),('15088','Tenancingo','15'),('15089','Tenango del Aire','15'),('15090','Tenango del Valle','15'),('15091','Teoloyucan','15'),('15092','Teotihuacán','15'),('15093','Tepetlaoxtoc','15'),('15094','Tepetlixpa','15'),('15095','Tepotzotlán','15'),('15096','Tequixquiac','15'),('15097','Texcaltitlán','15'),('15098','Texcalyacac','15'),('15099','Texcoco','15'),('15100','Tezoyuca','15'),('15101','Tianguistenco','15'),('15102','Timilpan','15'),('15103','Tlalmanalco','15'),('15104','Tlalnepantla de Baz','15'),('15105','Tlatlaya','15'),('15106','Toluca','15'),('15107','Tonatico','15'),('15108','Tultepec','15'),('15109','Tultitlán','15'),('15110','Valle de Bravo','15'),('15111','Villa de Allende','15'),('15112','Villa del Carbón','15'),('15113','Villa Guerrero','15'),('15114','Villa Victoria','15'),('15115','Xonacatlán','15'),('15116','Zacazonapan','15'),('15117','Zacualpan','15'),('15118','Zinacantepec','15'),('15119','Zumpahuacán','15'),('15120','Zumpango','15'),('15121','Cuautitlán Izcalli','15'),('15122','Valle de Chalco Solidaridad','15'),('15123','Luvianos','15'),('15124','San José del Rincón','15'),('15125','Tonanitla','15'),('16001','Acuitzio','16'),('16002','Aguililla','16'),('16003','Álvaro Obregón','16'),('16004','Angamacutiro','16'),('16005','Angangueo','16'),('16006','Apatzingán','16'),('16007','Aporo','16'),('16008','Aquila','16'),('16009','Ario','16'),('16010','Arteaga','16'),('16011','Briseñas','16'),('16012','Buenavista','16'),('16013','Carácuaro','16'),('16014','Coahuayana','16'),('16015','Coalcomán de Vázquez Pallares','16'),('16016','Coeneo','16'),('16017','Contepec','16'),('16018','Copándaro','16'),('16019','Cotija','16'),('16020','Cuitzeo','16'),('16021','Charapan','16'),('16022','Charo','16'),('16023','Chavinda','16'),('16024','Cherán','16'),('16025','Chilchota','16'),('16026','Chinicuila','16'),('16027','Chucándiro','16'),('16028','Churintzio','16'),('16029','Churumuco','16'),('16030','Ecuandureo','16'),('16031','Epitacio Huerta','16'),('16032','Erongarícuaro','16'),('16033','Gabriel Zamora','16'),('16034','Hidalgo','16'),('16035','La Huacana','16'),('16036','Huandacareo','16'),('16037','Huaniqueo','16'),('16038','Huetamo','16'),('16039','Huiramba','16'),('16040','Indaparapeo','16'),('16041','Irimbo','16'),('16042','Ixtlán','16'),('16043','Jacona','16'),('16044','Jiménez','16'),('16045','Jiquilpan','16'),('16046','Juárez','16'),('16047','Jungapeo','16'),('16048','Lagunillas','16'),('16049','Madero','16'),('16050','Maravatío','16'),('16051','Marcos Castellanos','16'),('16052','Lázaro Cárdenas','16'),('16053','Morelia','16'),('16054','Morelos','16'),('16055','Múgica','16'),('16056','Nahuatzen','16'),('16057','Nocupétaro','16'),('16058','Nuevo Parangaricutiro','16'),('16059','Nuevo Urecho','16'),('16060','Numarán','16'),('16061','Ocampo','16'),('16062','Pajacuarán','16'),('16063','Panindícuaro','16'),('16064','Parácuaro','16'),('16065','Paracho','16'),('16066','Pátzcuaro','16'),('16067','Penjamillo','16'),('16068','Peribán','16'),('16069','La Piedad','16'),('16070','Purépero','16'),('16071','Puruándiro','16'),('16072','Queréndaro','16'),('16073','Quiroga','16'),('16074','Cojumatlán de Régules','16'),('16075','Los Reyes','16'),('16076','Sahuayo','16'),('16077','San Lucas','16'),('16078','Santa Ana Maya','16'),('16079','Salvador Escalante','16'),('16080','Senguio','16'),('16081','Susupuato','16'),('16082','Tacámbaro','16'),('16083','Tancítaro','16'),('16084','Tangamandapio','16'),('16085','Tangancícuaro','16'),('16086','Tanhuato','16'),('16087','Taretan','16'),('16088','Tarímbaro','16'),('16089','Tepalcatepec','16'),('16090','Tingambato','16'),('16091','Tingüindín','16'),('16092','Tiquicheo de Nicolás Romero','16'),('16093','Tlalpujahua','16'),('16094','Tlazazalca','16'),('16095','Tocumbo','16'),('16096','Tumbiscatío','16'),('16097','Turicato','16'),('16098','Tuxpan','16'),('16099','Tuzantla','16'),('16100','Tzintzuntzan','16'),('16101','Tzitzio','16'),('16102','Uruapan','16'),('16103','Venustiano Carranza','16'),('16104','Villamar','16'),('16105','Vista Hermosa','16'),('16106','Yurécuaro','16'),('16107','Zacapu','16'),('16108','Zamora','16'),('16109','Zináparo','16'),('16110','Zinapécuaro','16'),('16111','Ziracuaretiro','16'),('16112','Zitácuaro','16'),('16113','José Sixto Verduzco','16'),('17001','Amacuzac','17'),('17002','Atlatlahucan','17'),('17003','Axochiapan','17'),('17004','Ayala','17'),('17005','Coatlán del Río','17'),('17006','Cuautla','17'),('17007','Cuernavaca','17'),('17008','Emiliano Zapata','17'),('17009','Huitzilac','17'),('17010','Jantetelco','17'),('17011','Jiutepec','17'),('17012','Jojutla','17'),('17013','Jonacatepec','17'),('17014','Mazatepec','17'),('17015','Miacatlán','17'),('17016','Ocuituco','17'),('17017','Puente de Ixtla','17'),('17018','Temixco','17'),('17019','Tepalcingo','17'),('17020','Tepoztlán','17'),('17021','Tetecala','17'),('17022','Tetela del Volcán','17'),('17023','Tlalnepantla','17'),('17024','Tlaltizapán de Zapata','17'),('17025','Tlaquiltenango','17'),('17026','Tlayacapan','17'),('17027','Totolapan','17'),('17028','Xochitepec','17'),('17029','Yautepec','17'),('17030','Yecapixtla','17'),('17031','Zacatepec','17'),('17032','Zacualpan de Amilpas','17'),('17033','Temoac','17'),('18001','Acaponeta','18'),('18002','Ahuacatlán','18'),('18003','Amatlán de Cañas','18'),('18004','Compostela','18'),('18005','Huajicori','18'),('18006','Ixtlán del Río','18'),('18007','Jala','18'),('18008','Xalisco','18'),('18009','Del Nayar','18'),('18010','Rosamorada','18'),('18011','Ruíz','18'),('18012','San Blas','18'),('18013','San Pedro Lagunillas','18'),('18014','Santa María del Oro','18'),('18015','Santiago Ixcuintla','18'),('18016','Tecuala','18'),('18017','Tepic','18'),('18018','Tuxpan','18'),('18019','La Yesca','18'),('18020','Bahía de Banderas','18'),('19001','Abasolo','19'),('19002','Agualeguas','19'),('19003','Los Aldamas','19'),('19004','Allende','19'),('19005','Anáhuac','19'),('19006','Apodaca','19'),('19007','Aramberri','19'),('19008','Bustamante','19'),('19009','Cadereyta Jiménez','19'),('19010','El Carmen','19'),('19011','Cerralvo','19'),('19012','Ciénega de Flores','19'),('19013','China','19'),('19014','Doctor Arroyo','19'),('19015','Doctor Coss','19'),('19016','Doctor González','19'),('19017','Galeana','19'),('19018','García','19'),('19019','San Pedro Garza García','19'),('19020','General Bravo','19'),('19021','General Escobedo','19'),('19022','General Terán','19'),('19023','General Treviño','19'),('19024','General Zaragoza','19'),('19025','General Zuazua','19'),('19026','Guadalupe','19'),('19027','Los Herreras','19'),('19028','Higueras','19'),('19029','Hualahuises','19'),('19030','Iturbide','19'),('19031','Juárez','19'),('19032','Lampazos de Naranjo','19'),('19033','Linares','19'),('19034','Marín','19'),('19035','Melchor Ocampo','19'),('19036','Mier y Noriega','19'),('19037','Mina','19'),('19038','Montemorelos','19'),('19039','Monterrey','19'),('19040','Parás','19'),('19041','Pesquería','19'),('19042','Los Ramones','19'),('19043','Rayones','19'),('19044','Sabinas Hidalgo','19'),('19045','Salinas Victoria','19'),('19046','San Nicolás de los Garza','19'),('19047','Hidalgo','19'),('19048','Santa Catarina','19'),('19049','Santiago','19'),('19050','Vallecillo','19'),('19051','Villaldama','19'),('20001','Abejones','20'),('20002','Acatlán de Pérez Figueroa','20'),('20003','Asunción Cacalotepec','20'),('20004','Asunción Cuyotepeji','20'),('20005','Asunción Ixtaltepec','20'),('20006','Asunción Nochixtlán','20'),('20007','Asunción Ocotlán','20'),('20008','Asunción Tlacolulita','20'),('20009','Ayotzintepec','20'),('20010','El Barrio de la Soledad','20'),('20011','Calihualá','20'),('20012','Candelaria Loxicha','20'),('20013','Ciénega de Zimatlán','20'),('20014','Ciudad Ixtepec','20'),('20015','Coatecas Altas','20'),('20016','Coicoyán de las Flores','20'),('20017','La Compañía','20'),('20018','Concepción Buenavista','20'),('20019','Concepción Pápalo','20'),('20020','Constancia del Rosario','20'),('20021','Cosolapa','20'),('20022','Cosoltepec','20'),('20023','Cuilápam de Guerrero','20'),('20024','Cuyamecalco Villa de Zaragoza','20'),('20025','Chahuites','20'),('20026','Chalcatongo de Hidalgo','20'),('20027','Chiquihuitlán de Benito Juárez','20'),('20028','Heroica Ciudad de Ejutla de Crespo','20'),('20029','Eloxochitlán de Flores Magón','20'),('20030','El Espinal','20'),('20031','Tamazulápam del Espíritu Santo','20'),('20032','Fresnillo de Trujano','20'),('20033','Guadalupe Etla','20'),('20034','Guadalupe de Ramírez','20'),('20035','Guelatao de Juárez','20'),('20036','Guevea de Humboldt','20'),('20037','Mesones Hidalgo','20'),('20038','Villa Hidalgo','20'),('20039','Heroica Ciudad de Huajuapan de León','20'),('20040','Huautepec','20'),('20041','Huautla de Jiménez','20'),('20042','Ixtlán de Juárez','20'),('20043','Heroica Ciudad de Juchitán de Zaragoza','20'),('20044','Loma Bonita','20'),('20045','Magdalena Apasco','20'),('20046','Magdalena Jaltepec','20'),('20047','Santa Magdalena Jicotlán','20'),('20048','Magdalena Mixtepec','20'),('20049','Magdalena Ocotlán','20'),('20050','Magdalena Peñasco','20'),('20051','Magdalena Teitipac','20'),('20052','Magdalena Tequisistlán','20'),('20053','Magdalena Tlacotepec','20'),('20054','Magdalena Zahuatlán','20'),('20055','Mariscala de Juárez','20'),('20056','Mártires de Tacubaya','20'),('20057','Matías Romero Avendaño','20'),('20058','Mazatlán Villa de Flores','20'),('20059','Miahuatlán de Porfirio Díaz','20'),('20060','Mixistlán de la Reforma','20'),('20061','Monjas','20'),('20062','Natividad','20'),('20063','Nazareno Etla','20'),('20064','Nejapa de Madero','20'),('20065','Ixpantepec Nieves','20'),('20066','Santiago Niltepec','20'),('20067','Oaxaca de Juárez','20'),('20068','Ocotlán de Morelos','20'),('20069','La Pe','20'),('20070','Pinotepa de Don Luis','20'),('20071','Pluma Hidalgo','20'),('20072','San José del Progreso','20'),('20073','Putla Villa de Guerrero','20'),('20074','Santa Catarina Quioquitani','20'),('20075','Reforma de Pineda','20'),('20076','La Reforma','20'),('20077','Reyes Etla','20'),('20078','Rojas de Cuauhtémoc','20'),('20079','Salina Cruz','20'),('20080','San Agustín Amatengo','20'),('20081','San Agustín Atenango','20'),('20082','San Agustín Chayuco','20'),('20083','San Agustín de las Juntas','20'),('20084','San Agustín Etla','20'),('20085','San Agustín Loxicha','20'),('20086','San Agustín Tlacotepec','20'),('20087','San Agustín Yatareni','20'),('20088','San Andrés Cabecera Nueva','20'),('20089','San Andrés Dinicuiti','20'),('20090','San Andrés Huaxpaltepec','20'),('20091','San Andrés Huayápam','20'),('20092','San Andrés Ixtlahuaca','20'),('20093','San Andrés Lagunas','20'),('20094','San Andrés Nuxiño','20'),('20095','San Andrés Paxtlán','20'),('20096','San Andrés Sinaxtla','20'),('20097','San Andrés Solaga','20'),('20098','San Andrés Teotilálpam','20'),('20099','San Andrés Tepetlapa','20'),('20100','San Andrés Yaá','20'),('20101','San Andrés Zabache','20'),('20102','San Andrés Zautla','20'),('20103','San Antonino Castillo Velasco','20'),('20104','San Antonino el Alto','20'),('20105','San Antonino Monte Verde','20'),('20106','San Antonio Acutla','20'),('20107','San Antonio de la Cal','20'),('20108','San Antonio Huitepec','20'),('20109','San Antonio Nanahuatípam','20'),('20110','San Antonio Sinicahua','20'),('20111','San Antonio Tepetlapa','20'),('20112','San Baltazar Chichicápam','20'),('20113','San Baltazar Loxicha','20'),('20114','San Baltazar Yatzachi el Bajo','20'),('20115','San Bartolo Coyotepec','20'),('20116','San Bartolomé Ayautla','20'),('20117','San Bartolomé Loxicha','20'),('20118','San Bartolomé Quialana','20'),('20119','San Bartolomé Yucuañe','20'),('20120','San Bartolomé Zoogocho','20'),('20121','San Bartolo Soyaltepec','20'),('20122','San Bartolo Yautepec','20'),('20123','San Bernardo Mixtepec','20'),('20124','San Blas Atempa','20'),('20125','San Carlos Yautepec','20'),('20126','San Cristóbal Amatlán','20'),('20127','San Cristóbal Amoltepec','20'),('20128','San Cristóbal Lachirioag','20'),('20129','San Cristóbal Suchixtlahuaca','20'),('20130','San Dionisio del Mar','20'),('20131','San Dionisio Ocotepec','20'),('20132','San Dionisio Ocotlán','20'),('20133','San Esteban Atatlahuca','20'),('20134','San Felipe Jalapa de Díaz','20'),('20135','San Felipe Tejalápam','20'),('20136','San Felipe Usila','20'),('20137','San Francisco Cahuacuá','20'),('20138','San Francisco Cajonos','20'),('20139','San Francisco Chapulapa','20'),('20140','San Francisco Chindúa','20'),('20141','San Francisco del Mar','20'),('20142','San Francisco Huehuetlán','20'),('20143','San Francisco Ixhuatán','20'),('20144','San Francisco Jaltepetongo','20'),('20145','San Francisco Lachigoló','20'),('20146','San Francisco Logueche','20'),('20147','San Francisco Nuxaño','20'),('20148','San Francisco Ozolotepec','20'),('20149','San Francisco Sola','20'),('20150','San Francisco Telixtlahuaca','20'),('20151','San Francisco Teopan','20'),('20152','San Francisco Tlapancingo','20'),('20153','San Gabriel Mixtepec','20'),('20154','San Ildefonso Amatlán','20'),('20155','San Ildefonso Sola','20'),('20156','San Ildefonso Villa Alta','20'),('20157','San Jacinto Amilpas','20'),('20158','San Jacinto Tlacotepec','20'),('20159','San Jerónimo Coatlán','20'),('20160','San Jerónimo Silacayoapilla','20'),('20161','San Jerónimo Sosola','20'),('20162','San Jerónimo Taviche','20'),('20163','San Jerónimo Tecóatl','20'),('20164','San Jorge Nuchita','20'),('20165','San José Ayuquila','20'),('20166','San José Chiltepec','20'),('20167','San José del Peñasco','20'),('20168','San José Estancia Grande','20'),('20169','San José Independencia','20'),('20170','San José Lachiguiri','20'),('20171','San José Tenango','20'),('20172','San Juan Achiutla','20'),('20173','San Juan Atepec','20'),('20174','Ánimas Trujano','20'),('20175','San Juan Bautista Atatlahuca','20'),('20176','San Juan Bautista Coixtlahuaca','20'),('20177','San Juan Bautista Cuicatlán','20'),('20178','San Juan Bautista Guelache','20'),('20179','San Juan Bautista Jayacatlán','20'),('20180','San Juan Bautista Lo de Soto','20'),('20181','San Juan Bautista Suchitepec','20'),('20182','San Juan Bautista Tlacoatzintepec','20'),('20183','San Juan Bautista Tlachichilco','20'),('20184','San Juan Bautista Tuxtepec','20'),('20185','San Juan Cacahuatepec','20'),('20186','San Juan Cieneguilla','20'),('20187','San Juan Coatzóspam','20'),('20188','San Juan Colorado','20'),('20189','San Juan Comaltepec','20'),('20190','San Juan Cotzocón','20'),('20191','San Juan Chicomezúchil','20'),('20192','San Juan Chilateca','20'),('20193','San Juan del Estado','20'),('20194','San Juan del Río','20'),('20195','San Juan Diuxi','20'),('20196','San Juan Evangelista Analco','20'),('20197','San Juan Guelavía','20'),('20198','San Juan Guichicovi','20'),('20199','San Juan Ihualtepec','20'),('20200','San Juan Juquila Mixes','20'),('20201','San Juan Juquila Vijanos','20'),('20202','San Juan Lachao','20'),('20203','San Juan Lachigalla','20'),('20204','San Juan Lajarcia','20'),('20205','San Juan Lalana','20'),('20206','San Juan de los Cués','20'),('20207','San Juan Mazatlán','20'),('20208','San Juan Mixtepec','20'),('20209','San Juan Mixtepec','20'),('20210','San Juan Ñumí','20'),('20211','San Juan Ozolotepec','20'),('20212','San Juan Petlapa','20'),('20213','San Juan Quiahije','20'),('20214','San Juan Quiotepec','20'),('20215','San Juan Sayultepec','20'),('20216','San Juan Tabaá','20'),('20217','San Juan Tamazola','20'),('20218','San Juan Teita','20'),('20219','San Juan Teitipac','20'),('20220','San Juan Tepeuxila','20'),('20221','San Juan Teposcolula','20'),('20222','San Juan Yaeé','20'),('20223','San Juan Yatzona','20'),('20224','San Juan Yucuita','20'),('20225','San Lorenzo','20'),('20226','San Lorenzo Albarradas','20'),('20227','San Lorenzo Cacaotepec','20'),('20228','San Lorenzo Cuaunecuiltitla','20'),('20229','San Lorenzo Texmelúcan','20'),('20230','San Lorenzo Victoria','20'),('20231','San Lucas Camotlán','20'),('20232','San Lucas Ojitlán','20'),('20233','San Lucas Quiaviní','20'),('20234','San Lucas Zoquiápam','20'),('20235','San Luis Amatlán','20'),('20236','San Marcial Ozolotepec','20'),('20237','San Marcos Arteaga','20'),('20238','San Martín de los Cansecos','20'),('20239','San Martín Huamelúlpam','20'),('20240','San Martín Itunyoso','20'),('20241','San Martín Lachilá','20'),('20242','San Martín Peras','20'),('20243','San Martín Tilcajete','20'),('20244','San Martín Toxpalan','20'),('20245','San Martín Zacatepec','20'),('20246','San Mateo Cajonos','20'),('20247','Capulálpam de Méndez','20'),('20248','San Mateo del Mar','20'),('20249','San Mateo Yoloxochitlán','20'),('20250','San Mateo Etlatongo','20'),('20251','San Mateo Nejápam','20'),('20252','San Mateo Peñasco','20'),('20253','San Mateo Piñas','20'),('20254','San Mateo Río Hondo','20'),('20255','San Mateo Sindihui','20'),('20256','San Mateo Tlapiltepec','20'),('20257','San Melchor Betaza','20'),('20258','San Miguel Achiutla','20'),('20259','San Miguel Ahuehuetitlán','20'),('20260','San Miguel Aloápam','20'),('20261','San Miguel Amatitlán','20'),('20262','San Miguel Amatlán','20'),('20263','San Miguel Coatlán','20'),('20264','San Miguel Chicahua','20'),('20265','San Miguel Chimalapa','20'),('20266','San Miguel del Puerto','20'),('20267','San Miguel del Río','20'),('20268','San Miguel Ejutla','20'),('20269','San Miguel el Grande','20'),('20270','San Miguel Huautla','20'),('20271','San Miguel Mixtepec','20'),('20272','San Miguel Panixtlahuaca','20'),('20273','San Miguel Peras','20'),('20274','San Miguel Piedras','20'),('20275','San Miguel Quetzaltepec','20'),('20276','San Miguel Santa Flor','20'),('20277','Villa Sola de Vega','20'),('20278','San Miguel Soyaltepec','20'),('20279','San Miguel Suchixtepec','20'),('20280','Villa Talea de Castro','20'),('20281','San Miguel Tecomatlán','20'),('20282','San Miguel Tenango','20'),('20283','San Miguel Tequixtepec','20'),('20284','San Miguel Tilquiápam','20'),('20285','San Miguel Tlacamama','20'),('20286','San Miguel Tlacotepec','20'),('20287','San Miguel Tulancingo','20'),('20288','San Miguel Yotao','20'),('20289','San Nicolás','20'),('20290','San Nicolás Hidalgo','20'),('20291','San Pablo Coatlán','20'),('20292','San Pablo Cuatro Venados','20'),('20293','San Pablo Etla','20'),('20294','San Pablo Huitzo','20'),('20295','San Pablo Huixtepec','20'),('20296','San Pablo Macuiltianguis','20'),('20297','San Pablo Tijaltepec','20'),('20298','San Pablo Villa de Mitla','20'),('20299','San Pablo Yaganiza','20'),('20300','San Pedro Amuzgos','20'),('20301','San Pedro Apóstol','20'),('20302','San Pedro Atoyac','20'),('20303','San Pedro Cajonos','20'),('20304','San Pedro Coxcaltepec Cántaros','20'),('20305','San Pedro Comitancillo','20'),('20306','San Pedro el Alto','20'),('20307','San Pedro Huamelula','20'),('20308','San Pedro Huilotepec','20'),('20309','San Pedro Ixcatlán','20'),('20310','San Pedro Ixtlahuaca','20'),('20311','San Pedro Jaltepetongo','20'),('20312','San Pedro Jicayán','20'),('20313','San Pedro Jocotipac','20'),('20314','San Pedro Juchatengo','20'),('20315','San Pedro Mártir','20'),('20316','San Pedro Mártir Quiechapa','20'),('20317','San Pedro Mártir Yucuxaco','20'),('20318','San Pedro Mixtepec','20'),('20319','San Pedro Mixtepec','20'),('20320','San Pedro Molinos','20'),('20321','San Pedro Nopala','20'),('20322','San Pedro Ocopetatillo','20'),('20323','San Pedro Ocotepec','20'),('20324','San Pedro Pochutla','20'),('20325','San Pedro Quiatoni','20'),('20326','San Pedro Sochiápam','20'),('20327','San Pedro Tapanatepec','20'),('20328','San Pedro Taviche','20'),('20329','San Pedro Teozacoalco','20'),('20330','San Pedro Teutila','20'),('20331','San Pedro Tidaá','20'),('20332','San Pedro Topiltepec','20'),('20333','San Pedro Totolápam','20'),('20334','Villa de Tututepec de Melchor Ocampo','20'),('20335','San Pedro Yaneri','20'),('20336','San Pedro Yólox','20'),('20337','San Pedro y San Pablo Ayutla','20'),('20338','Villa de Etla','20'),('20339','San Pedro y San Pablo Teposcolula','20'),('20340','San Pedro y San Pablo Tequixtepec','20'),('20341','San Pedro Yucunama','20'),('20342','San Raymundo Jalpan','20'),('20343','San Sebastián Abasolo','20'),('20344','San Sebastián Coatlán','20'),('20345','San Sebastián Ixcapa','20'),('20346','San Sebastián Nicananduta','20'),('20347','San Sebastián Río Hondo','20'),('20348','San Sebastián Tecomaxtlahuaca','20'),('20349','San Sebastián Teitipac','20'),('20350','San Sebastián Tutla','20'),('20351','San Simón Almolongas','20'),('20352','San Simón Zahuatlán','20'),('20353','Santa Ana','20'),('20354','Santa Ana Ateixtlahuaca','20'),('20355','Santa Ana Cuauhtémoc','20'),('20356','Santa Ana del Valle','20'),('20357','Santa Ana Tavela','20'),('20358','Santa Ana Tlapacoyan','20'),('20359','Santa Ana Yareni','20'),('20360','Santa Ana Zegache','20'),('20361','Santa Catalina Quierí','20'),('20362','Santa Catarina Cuixtla','20'),('20363','Santa Catarina Ixtepeji','20'),('20364','Santa Catarina Juquila','20'),('20365','Santa Catarina Lachatao','20'),('20366','Santa Catarina Loxicha','20'),('20367','Santa Catarina Mechoacán','20'),('20368','Santa Catarina Minas','20'),('20369','Santa Catarina Quiané','20'),('20370','Santa Catarina Tayata','20'),('20371','Santa Catarina Ticuá','20'),('20372','Santa Catarina Yosonotú','20'),('20373','Santa Catarina Zapoquila','20'),('20374','Santa Cruz Acatepec','20'),('20375','Santa Cruz Amilpas','20'),('20376','Santa Cruz de Bravo','20'),('20377','Santa Cruz Itundujia','20'),('20378','Santa Cruz Mixtepec','20'),('20379','Santa Cruz Nundaco','20'),('20380','Santa Cruz Papalutla','20'),('20381','Santa Cruz Tacache de Mina','20'),('20382','Santa Cruz Tacahua','20'),('20383','Santa Cruz Tayata','20'),('20384','Santa Cruz Xitla','20'),('20385','Santa Cruz Xoxocotlán','20'),('20386','Santa Cruz Zenzontepec','20'),('20387','Santa Gertrudis','20'),('20388','Santa Inés del Monte','20'),('20389','Santa Inés Yatzeche','20'),('20390','Santa Lucía del Camino','20'),('20391','Santa Lucía Miahuatlán','20'),('20392','Santa Lucía Monteverde','20'),('20393','Santa Lucía Ocotlán','20'),('20394','Santa María Alotepec','20'),('20395','Santa María Apazco','20'),('20396','Santa María la Asunción','20'),('20397','Heroica Ciudad de Tlaxiaco','20'),('20398','Ayoquezco de Aldama','20'),('20399','Santa María Atzompa','20'),('20400','Santa María Camotlán','20'),('20401','Santa María Colotepec','20'),('20402','Santa María Cortijo','20'),('20403','Santa María Coyotepec','20'),('20404','Santa María Chachoápam','20'),('20405','Villa de Chilapa de Díaz','20'),('20406','Santa María Chilchotla','20'),('20407','Santa María Chimalapa','20'),('20408','Santa María del Rosario','20'),('20409','Santa María del Tule','20'),('20410','Santa María Ecatepec','20'),('20411','Santa María Guelacé','20'),('20412','Santa María Guienagati','20'),('20413','Santa María Huatulco','20'),('20414','Santa María Huazolotitlán','20'),('20415','Santa María Ipalapa','20'),('20416','Santa María Ixcatlán','20'),('20417','Santa María Jacatepec','20'),('20418','Santa María Jalapa del Marqués','20'),('20419','Santa María Jaltianguis','20'),('20420','Santa María Lachixío','20'),('20421','Santa María Mixtequilla','20'),('20422','Santa María Nativitas','20'),('20423','Santa María Nduayaco','20'),('20424','Santa María Ozolotepec','20'),('20425','Santa María Pápalo','20'),('20426','Santa María Peñoles','20'),('20427','Santa María Petapa','20'),('20428','Santa María Quiegolani','20'),('20429','Santa María Sola','20'),('20430','Santa María Tataltepec','20'),('20431','Santa María Tecomavaca','20'),('20432','Santa María Temaxcalapa','20'),('20433','Santa María Temaxcaltepec','20'),('20434','Santa María Teopoxco','20'),('20435','Santa María Tepantlali','20'),('20436','Santa María Texcatitlán','20'),('20437','Santa María Tlahuitoltepec','20'),('20438','Santa María Tlalixtac','20'),('20439','Santa María Tonameca','20'),('20440','Santa María Totolapilla','20'),('20441','Santa María Xadani','20'),('20442','Santa María Yalina','20'),('20443','Santa María Yavesía','20'),('20444','Santa María Yolotepec','20'),('20445','Santa María Yosoyúa','20'),('20446','Santa María Yucuhiti','20'),('20447','Santa María Zacatepec','20'),('20448','Santa María Zaniza','20'),('20449','Santa María Zoquitlán','20'),('20450','Santiago Amoltepec','20'),('20451','Santiago Apoala','20'),('20452','Santiago Apóstol','20'),('20453','Santiago Astata','20'),('20454','Santiago Atitlán','20'),('20455','Santiago Ayuquililla','20'),('20456','Santiago Cacaloxtepec','20'),('20457','Santiago Camotlán','20'),('20458','Santiago Comaltepec','20'),('20459','Santiago Chazumba','20'),('20460','Santiago Choápam','20'),('20461','Santiago del Río','20'),('20462','Santiago Huajolotitlán','20'),('20463','Santiago Huauclilla','20'),('20464','Santiago Ihuitlán Plumas','20'),('20465','Santiago Ixcuintepec','20'),('20466','Santiago Ixtayutla','20'),('20467','Santiago Jamiltepec','20'),('20468','Santiago Jocotepec','20'),('20469','Santiago Juxtlahuaca','20'),('20470','Santiago Lachiguiri','20'),('20471','Santiago Lalopa','20'),('20472','Santiago Laollaga','20'),('20473','Santiago Laxopa','20'),('20474','Santiago Llano Grande','20'),('20475','Santiago Matatlán','20'),('20476','Santiago Miltepec','20'),('20477','Santiago Minas','20'),('20478','Santiago Nacaltepec','20'),('20479','Santiago Nejapilla','20'),('20480','Santiago Nundiche','20'),('20481','Santiago Nuyoó','20'),('20482','Santiago Pinotepa Nacional','20'),('20483','Santiago Suchilquitongo','20'),('20484','Santiago Tamazola','20'),('20485','Santiago Tapextla','20'),('20486','Villa Tejúpam de la Unión','20'),('20487','Santiago Tenango','20'),('20488','Santiago Tepetlapa','20'),('20489','Santiago Tetepec','20'),('20490','Santiago Texcalcingo','20'),('20491','Santiago Textitlán','20'),('20492','Santiago Tilantongo','20'),('20493','Santiago Tillo','20'),('20494','Santiago Tlazoyaltepec','20'),('20495','Santiago Xanica','20'),('20496','Santiago Xiacuí','20'),('20497','Santiago Yaitepec','20'),('20498','Santiago Yaveo','20'),('20499','Santiago Yolomécatl','20'),('20500','Santiago Yosondúa','20'),('20501','Santiago Yucuyachi','20'),('20502','Santiago Zacatepec','20'),('20503','Santiago Zoochila','20'),('20504','Nuevo Zoquiápam','20'),('20505','Santo Domingo Ingenio','20'),('20506','Santo Domingo Albarradas','20'),('20507','Santo Domingo Armenta','20'),('20508','Santo Domingo Chihuitán','20'),('20509','Santo Domingo de Morelos','20'),('20510','Santo Domingo Ixcatlán','20'),('20511','Santo Domingo Nuxaá','20'),('20512','Santo Domingo Ozolotepec','20'),('20513','Santo Domingo Petapa','20'),('20514','Santo Domingo Roayaga','20'),('20515','Santo Domingo Tehuantepec','20'),('20516','Santo Domingo Teojomulco','20'),('20517','Santo Domingo Tepuxtepec','20'),('20518','Santo Domingo Tlatayápam','20'),('20519','Santo Domingo Tomaltepec','20'),('20520','Santo Domingo Tonalá','20'),('20521','Santo Domingo Tonaltepec','20'),('20522','Santo Domingo Xagacía','20'),('20523','Santo Domingo Yanhuitlán','20'),('20524','Santo Domingo Yodohino','20'),('20525','Santo Domingo Zanatepec','20'),('20526','Santos Reyes Nopala','20'),('20527','Santos Reyes Pápalo','20'),('20528','Santos Reyes Tepejillo','20'),('20529','Santos Reyes Yucuná','20'),('20530','Santo Tomás Jalieza','20'),('20531','Santo Tomás Mazaltepec','20'),('20532','Santo Tomás Ocotepec','20'),('20533','Santo Tomás Tamazulapan','20'),('20534','San Vicente Coatlán','20'),('20535','San Vicente Lachixío','20'),('20536','San Vicente Nuñú','20'),('20537','Silacayoápam','20'),('20538','Sitio de Xitlapehua','20'),('20539','Soledad Etla','20'),('20540','Villa de Tamazulápam del Progreso','20'),('20541','Tanetze de Zaragoza','20'),('20542','Taniche','20'),('20543','Tataltepec de Valdés','20'),('20544','Teococuilco de Marcos Pérez','20'),('20545','Teotitlán de Flores Magón','20'),('20546','Teotitlán del Valle','20'),('20547','Teotongo','20'),('20548','Tepelmeme Villa de Morelos','20'),('20549','Heroica Villa Tezoatlán de Segura y Luna, Cuna de la Independencia de Oaxaca','20'),('20550','San Jerónimo Tlacochahuaya','20'),('20551','Tlacolula de Matamoros','20'),('20552','Tlacotepec Plumas','20'),('20553','Tlalixtac de Cabrera','20'),('20554','Totontepec Villa de Morelos','20'),('20555','Trinidad Zaachila','20'),('20556','La Trinidad Vista Hermosa','20'),('20557','Unión Hidalgo','20'),('20558','Valerio Trujano','20'),('20559','San Juan Bautista Valle Nacional','20'),('20560','Villa Díaz Ordaz','20'),('20561','Yaxe','20'),('20562','Magdalena Yodocono de Porfirio Díaz','20'),('20563','Yogana','20'),('20564','Yutanduchi de Guerrero','20'),('20565','Villa de Zaachila','20'),('20566','San Mateo Yucutindoo','20'),('20567','Zapotitlán Lagunas','20'),('20568','Zapotitlán Palmas','20'),('20569','Santa Inés de Zaragoza','20'),('20570','Zimatlán de Álvarez','20'),('21001','Acajete','21'),('21002','Acateno','21'),('21003','Acatlán','21'),('21004','Acatzingo','21'),('21005','Acteopan','21'),('21006','Ahuacatlán','21'),('21007','Ahuatlán','21'),('21008','Ahuazotepec','21'),('21009','Ahuehuetitla','21'),('21010','Ajalpan','21'),('21011','Albino Zertuche','21'),('21012','Aljojuca','21'),('21013','Altepexi','21'),('21014','Amixtlán','21'),('21015','Amozoc','21'),('21016','Aquixtla','21'),('21017','Atempan','21'),('21018','Atexcal','21'),('21019','Atlixco','21'),('21020','Atoyatempan','21'),('21021','Atzala','21'),('21022','Atzitzihuacán','21'),('21023','Atzitzintla','21'),('21024','Axutla','21'),('21025','Ayotoxco de Guerrero','21'),('21026','Calpan','21'),('21027','Caltepec','21'),('21028','Camocuautla','21'),('21029','Caxhuacan','21'),('21030','Coatepec','21'),('21031','Coatzingo','21'),('21032','Cohetzala','21'),('21033','Cohuecan','21'),('21034','Coronango','21'),('21035','Coxcatlán','21'),('21036','Coyomeapan','21'),('21037','Coyotepec','21'),('21038','Cuapiaxtla de Madero','21'),('21039','Cuautempan','21'),('21040','Cuautinchán','21'),('21041','Cuautlancingo','21'),('21042','Cuayuca de Andrade','21'),('21043','Cuetzalan del Progreso','21'),('21044','Cuyoaco','21'),('21045','Chalchicomula de Sesma','21'),('21046','Chapulco','21'),('21047','Chiautla','21'),('21048','Chiautzingo','21'),('21049','Chiconcuautla','21'),('21050','Chichiquila','21'),('21051','Chietla','21'),('21052','Chigmecatitlán','21'),('21053','Chignahuapan','21'),('21054','Chignautla','21'),('21055','Chila','21'),('21056','Chila de la Sal','21'),('21057','Honey','21'),('21058','Chilchotla','21'),('21059','Chinantla','21'),('21060','Domingo Arenas','21'),('21061','Eloxochitlán','21'),('21062','Epatlán','21'),('21063','Esperanza','21'),('21064','Francisco Z. Mena','21'),('21065','General Felipe Ángeles','21'),('21066','Guadalupe','21'),('21067','Guadalupe Victoria','21'),('21068','Hermenegildo Galeana','21'),('21069','Huaquechula','21'),('21070','Huatlatlauca','21'),('21071','Huauchinango','21'),('21072','Huehuetla','21'),('21073','Huehuetlán el Chico','21'),('21074','Huejotzingo','21'),('21075','Hueyapan','21'),('21076','Hueytamalco','21'),('21077','Hueytlalpan','21'),('21078','Huitzilan de Serdán','21'),('21079','Huitziltepec','21'),('21080','Atlequizayan','21'),('21081','Ixcamilpa de Guerrero','21'),('21082','Ixcaquixtla','21'),('21083','Ixtacamaxtitlán','21'),('21084','Ixtepec','21'),('21085','Izúcar de Matamoros','21'),('21086','Jalpan','21'),('21087','Jolalpan','21'),('21088','Jonotla','21'),('21089','Jopala','21'),('21090','Juan C. Bonilla','21'),('21091','Juan Galindo','21'),('21092','Juan N. Méndez','21'),('21093','Lafragua','21'),('21094','Libres','21'),('21095','La Magdalena Tlatlauquitepec','21'),('21096','Mazapiltepec de Juárez','21'),('21097','Mixtla','21'),('21098','Molcaxac','21'),('21099','Cañada Morelos','21'),('21100','Naupan','21'),('21101','Nauzontla','21'),('21102','Nealtican','21'),('21103','Nicolás Bravo','21'),('21104','Nopalucan','21'),('21105','Ocotepec','21'),('21106','Ocoyucan','21'),('21107','Olintla','21'),('21108','Oriental','21'),('21109','Pahuatlán','21'),('21110','Palmar de Bravo','21'),('21111','Pantepec','21'),('21112','Petlalcingo','21'),('21113','Piaxtla','21'),('21114','Puebla','21'),('21115','Quecholac','21'),('21116','Quimixtlán','21'),('21117','Rafael Lara Grajales','21'),('21118','Los Reyes de Juárez','21'),('21119','San Andrés Cholula','21'),('21120','San Antonio Cañada','21'),('21121','San Diego la Mesa Tochimiltzingo','21'),('21122','San Felipe Teotlalcingo','21'),('21123','San Felipe Tepatlán','21'),('21124','San Gabriel Chilac','21'),('21125','San Gregorio Atzompa','21'),('21126','San Jerónimo Tecuanipan','21'),('21127','San Jerónimo Xayacatlán','21'),('21128','San José Chiapa','21'),('21129','San José Miahuatlán','21'),('21130','San Juan Atenco','21'),('21131','San Juan Atzompa','21'),('21132','San Martín Texmelucan','21'),('21133','San Martín Totoltepec','21'),('21134','San Matías Tlalancaleca','21'),('21135','San Miguel Ixitlán','21'),('21136','San Miguel Xoxtla','21'),('21137','San Nicolás Buenos Aires','21'),('21138','San Nicolás de los Ranchos','21'),('21139','San Pablo Anicano','21'),('21140','San Pedro Cholula','21'),('21141','San Pedro Yeloixtlahuaca','21'),('21142','San Salvador el Seco','21'),('21143','San Salvador el Verde','21'),('21144','San Salvador Huixcolotla','21'),('21145','San Sebastián Tlacotepec','21'),('21146','Santa Catarina Tlaltempan','21'),('21147','Santa Inés Ahuatempan','21'),('21148','Santa Isabel Cholula','21'),('21149','Santiago Miahuatlán','21'),('21150','Huehuetlán el Grande','21'),('21151','Santo Tomás Hueyotlipan','21'),('21152','Soltepec','21'),('21153','Tecali de Herrera','21'),('21154','Tecamachalco','21'),('21155','Tecomatlán','21'),('21156','Tehuacán','21'),('21157','Tehuitzingo','21'),('21158','Tenampulco','21'),('21159','Teopantlán','21'),('21160','Teotlalco','21'),('21161','Tepanco de López','21'),('21162','Tepango de Rodríguez','21'),('21163','Tepatlaxco de Hidalgo','21'),('21164','Tepeaca','21'),('21165','Tepemaxalco','21'),('21166','Tepeojuma','21'),('21167','Tepetzintla','21'),('21168','Tepexco','21'),('21169','Tepexi de Rodríguez','21'),('21170','Tepeyahualco','21'),('21171','Tepeyahualco de Cuauhtémoc','21'),('21172','Tetela de Ocampo','21'),('21173','Teteles de Avila Castillo','21'),('21174','Teziutlán','21'),('21175','Tianguismanalco','21'),('21176','Tilapa','21'),('21177','Tlacotepec de Benito Juárez','21'),('21178','Tlacuilotepec','21'),('21179','Tlachichuca','21'),('21180','Tlahuapan','21'),('21181','Tlaltenango','21'),('21182','Tlanepantla','21'),('21183','Tlaola','21'),('21184','Tlapacoya','21'),('21185','Tlapanalá','21'),('21186','Tlatlauquitepec','21'),('21187','Tlaxco','21'),('21188','Tochimilco','21'),('21189','Tochtepec','21'),('21190','Totoltepec de Guerrero','21'),('21191','Tulcingo','21'),('21192','Tuzamapan de Galeana','21'),('21193','Tzicatlacoyan','21'),('21194','Venustiano Carranza','21'),('21195','Vicente Guerrero','21'),('21196','Xayacatlán de Bravo','21'),('21197','Xicotepec','21'),('21198','Xicotlán','21'),('21199','Xiutetelco','21'),('21200','Xochiapulco','21'),('21201','Xochiltepec','21'),('21202','Xochitlán de Vicente Suárez','21'),('21203','Xochitlán Todos Santos','21'),('21204','Yaonáhuac','21'),('21205','Yehualtepec','21'),('21206','Zacapala','21'),('21207','Zacapoaxtla','21'),('21208','Zacatlán','21'),('21209','Zapotitlán','21'),('21210','Zapotitlán de Méndez','21'),('21211','Zaragoza','21'),('21212','Zautla','21'),('21213','Zihuateutla','21'),('21214','Zinacatepec','21'),('21215','Zongozotla','21'),('21216','Zoquiapan','21'),('21217','Zoquitlán','21'),('22001','Amealco de Bonfil','22'),('22002','Pinal de Amoles','22'),('22003','Arroyo Seco','22'),('22004','Cadereyta de Montes','22'),('22005','Colón','22'),('22006','Corregidora','22'),('22007','Ezequiel Montes','22'),('22008','Huimilpan','22'),('22009','Jalpan de Serra','22'),('22010','Landa de Matamoros','22'),('22011','El Marqués','22'),('22012','Pedro Escobedo','22'),('22013','Peñamiller','22'),('22014','Querétaro','22'),('22015','San Joaquín','22'),('22016','San Juan del Río','22'),('22017','Tequisquiapan','22'),('22018','Tolimán','22'),('23001','Cozumel','23'),('23002','Felipe Carrillo Puerto','23'),('23003','Isla Mujeres','23'),('23004','Othón P. Blanco','23'),('23005','Benito Juárez','23'),('23006','José María Morelos','23'),('23007','Lázaro Cárdenas','23'),('23008','Solidaridad','23'),('23009','Tulum','23'),('23010','Bacalar','23'),('24001','Ahualulco','24'),('24002','Alaquines','24'),('24003','Aquismón','24'),('24004','Armadillo de los Infante','24'),('24005','Cárdenas','24'),('24006','Catorce','24'),('24007','Cedral','24'),('24008','Cerritos','24'),('24009','Cerro de San Pedro','24'),('24010','Ciudad del Maíz','24'),('24011','Ciudad Fernández','24'),('24012','Tancanhuitz','24'),('24013','Ciudad Valles','24'),('24014','Coxcatlán','24'),('24015','Charcas','24'),('24016','Ebano','24'),('24017','Guadalcázar','24'),('24018','Huehuetlán','24'),('24019','Lagunillas','24'),('24020','Matehuala','24'),('24021','Mexquitic de Carmona','24'),('24022','Moctezuma','24'),('24023','Rayón','24'),('24024','Rioverde','24'),('24025','Salinas','24'),('24026','San Antonio','24'),('24027','San Ciro de Acosta','24'),('24028','San Luis Potosí','24'),('24029','San Martín Chalchicuautla','24'),('24030','San Nicolás Tolentino','24'),('24031','Santa Catarina','24'),('24032','Santa María del Río','24'),('24033','Santo Domingo','24'),('24034','San Vicente Tancuayalab','24'),('24035','Soledad de Graciano Sánchez','24'),('24036','Tamasopo','24'),('24037','Tamazunchale','24'),('24038','Tampacán','24'),('24039','Tampamolón Corona','24'),('24040','Tamuín','24'),('24041','Tanlajás','24'),('24042','Tanquián de Escobedo','24'),('24043','Tierra Nueva','24'),('24044','Vanegas','24'),('24045','Venado','24'),('24046','Villa de Arriaga','24'),('24047','Villa de Guadalupe','24'),('24048','Villa de la Paz','24'),('24049','Villa de Ramos','24'),('24050','Villa de Reyes','24'),('24051','Villa Hidalgo','24'),('24052','Villa Juárez','24'),('24053','Axtla de Terrazas','24'),('24054','Xilitla','24'),('24055','Zaragoza','24'),('24056','Villa de Arista','24'),('24057','Matlapa','24'),('24058','El Naranjo','24'),('25001','Ahome','25'),('25002','Angostura','25'),('25003','Badiraguato','25'),('25004','Concordia','25'),('25005','Cosalá','25'),('25006','Culiacán','25'),('25007','Choix','25'),('25008','Elota','25'),('25009','Escuinapa','25'),('25010','El Fuerte','25'),('25011','Guasave','25'),('25012','Mazatlán','25'),('25013','Mocorito','25'),('25014','Rosario','25'),('25015','Salvador Alvarado','25'),('25016','San Ignacio','25'),('25017','Sinaloa','25'),('25018','Navolato','25'),('26001','Aconchi','26'),('26002','Agua Prieta','26'),('26003','Alamos','26'),('26004','Altar','26'),('26005','Arivechi','26'),('26006','Arizpe','26'),('26007','Atil','26'),('26008','Bacadéhuachi','26'),('26009','Bacanora','26'),('26010','Bacerac','26'),('26011','Bacoachi','26'),('26012','Bácum','26'),('26013','Banámichi','26'),('26014','Baviácora','26'),('26015','Bavispe','26'),('26016','Benjamín Hill','26'),('26017','Caborca','26'),('26018','Cajeme','26'),('26019','Cananea','26'),('26020','Carbó','26'),('26021','La Colorada','26'),('26022','Cucurpe','26'),('26023','Cumpas','26'),('26024','Divisaderos','26'),('26025','Empalme','26'),('26026','Etchojoa','26'),('26027','Fronteras','26'),('26028','Granados','26'),('26029','Guaymas','26'),('26030','Hermosillo','26'),('26031','Huachinera','26'),('26032','Huásabas','26'),('26033','Huatabampo','26'),('26034','Huépac','26'),('26035','Imuris','26'),('26036','Magdalena','26'),('26037','Mazatán','26'),('26038','Moctezuma','26'),('26039','Naco','26'),('26040','Nácori Chico','26'),('26041','Nacozari de García','26'),('26042','Navojoa','26'),('26043','Nogales','26'),('26044','Onavas','26'),('26045','Opodepe','26'),('26046','Oquitoa','26'),('26047','Pitiquito','26'),('26048','Puerto Peñasco','26'),('26049','Quiriego','26'),('26050','Rayón','26'),('26051','Rosario','26'),('26052','Sahuaripa','26'),('26053','San Felipe de Jesús','26'),('26054','San Javier','26'),('26055','San Luis Río Colorado','26'),('26056','San Miguel de Horcasitas','26'),('26057','San Pedro de la Cueva','26'),('26058','Santa Ana','26'),('26059','Santa Cruz','26'),('26060','Sáric','26'),('26061','Soyopa','26'),('26062','Suaqui Grande','26'),('26063','Tepache','26'),('26064','Trincheras','26'),('26065','Tubutama','26'),('26066','Ures','26'),('26067','Villa Hidalgo','26'),('26068','Villa Pesqueira','26'),('26069','Yécora','26'),('26070','General Plutarco Elías Calles','26'),('26071','Benito Juárez','26'),('26072','San Ignacio Río Muerto','26'),('27001','Balancán','27'),('27002','Cárdenas','27'),('27003','Centla','27'),('27004','Centro','27'),('27005','Comalcalco','27'),('27006','Cunduacán','27'),('27007','Emiliano Zapata','27'),('27008','Huimanguillo','27'),('27009','Jalapa','27'),('27010','Jalpa de Méndez','27'),('27011','Jonuta','27'),('27012','Macuspana','27'),('27013','Nacajuca','27'),('27014','Paraíso','27'),('27015','Tacotalpa','27'),('27016','Teapa','27'),('27017','Tenosique','27'),('28001','Abasolo','28'),('28002','Aldama','28'),('28003','Altamira','28'),('28004','Antiguo Morelos','28'),('28005','Burgos','28'),('28006','Bustamante','28'),('28007','Camargo','28'),('28008','Casas','28'),('28009','Ciudad Madero','28'),('28010','Cruillas','28'),('28011','Gómez Farías','28'),('28012','González','28'),('28013','Güémez','28'),('28014','Guerrero','28'),('28015','Gustavo Díaz Ordaz','28'),('28016','Hidalgo','28'),('28017','Jaumave','28'),('28018','Jiménez','28'),('28019','Llera','28'),('28020','Mainero','28'),('28021','El Mante','28'),('28022','Matamoros','28'),('28023','Méndez','28'),('28024','Mier','28'),('28025','Miguel Alemán','28'),('28026','Miquihuana','28'),('28027','Nuevo Laredo','28'),('28028','Nuevo Morelos','28'),('28029','Ocampo','28'),('28030','Padilla','28'),('28031','Palmillas','28'),('28032','Reynosa','28'),('28033','Río Bravo','28'),('28034','San Carlos','28'),('28035','San Fernando','28'),('28036','San Nicolás','28'),('28037','Soto la Marina','28'),('28038','Tampico','28'),('28039','Tula','28'),('28040','Valle Hermoso','28'),('28041','Victoria','28'),('28042','Villagrán','28'),('28043','Xicoténcatl','28'),('29001','Amaxac de Guerrero','29'),('29002','Apetatitlán de Antonio Carvajal','29'),('29003','Atlangatepec','29'),('29004','Atltzayanca','29'),('29005','Apizaco','29'),('29006','Calpulalpan','29'),('29007','El Carmen Tequexquitla','29'),('29008','Cuapiaxtla','29'),('29009','Cuaxomulco','29'),('29010','Chiautempan','29'),('29011','Muñoz de Domingo Arenas','29'),('29012','Españita','29'),('29013','Huamantla','29'),('29014','Hueyotlipan','29'),('29015','Ixtacuixtla de Mariano Matamoros','29'),('29016','Ixtenco','29'),('29017','Mazatecochco de José María Morelos','29'),('29018','Contla de Juan Cuamatzi','29'),('29019','Tepetitla de Lardizábal','29'),('29020','Sanctórum de Lázaro Cárdenas','29'),('29021','Nanacamilpa de Mariano Arista','29'),('29022','Acuamanala de Miguel Hidalgo','29'),('29023','Natívitas','29'),('29024','Panotla','29'),('29025','San Pablo del Monte','29'),('29026','Santa Cruz Tlaxcala','29'),('29027','Tenancingo','29'),('29028','Teolocholco','29'),('29029','Tepeyanco','29'),('29030','Terrenate','29'),('29031','Tetla de la Solidaridad','29'),('29032','Tetlatlahuca','29'),('29033','Tlaxcala','29'),('29034','Tlaxco','29'),('29035','Tocatlán','29'),('29036','Totolac','29'),('29037','Ziltlaltépec de Trinidad Sánchez Santos','29'),('29038','Tzompantepec','29'),('29039','Xaloztoc','29'),('29040','Xaltocan','29'),('29041','Papalotla de Xicohténcatl','29'),('29042','Xicohtzinco','29'),('29043','Yauhquemehcan','29'),('29044','Zacatelco','29'),('29045','Benito Juárez','29'),('29046','Emiliano Zapata','29'),('29047','Lázaro Cárdenas','29'),('29048','La Magdalena Tlaltelulco','29'),('29049','San Damián Texóloc','29'),('29050','San Francisco Tetlanohcan','29'),('29051','San Jerónimo Zacualpan','29'),('29052','San José Teacalco','29'),('29053','San Juan Huactzinco','29'),('29054','San Lorenzo Axocomanitla','29'),('29055','San Lucas Tecopilco','29'),('29056','Santa Ana Nopalucan','29'),('29057','Santa Apolonia Teacalco','29'),('29058','Santa Catarina Ayometla','29'),('29059','Santa Cruz Quilehtla','29'),('29060','Santa Isabel Xiloxoxtla','29'),('30001','Acajete','30'),('30002','Acatlán','30'),('30003','Acayucan','30'),('30004','Actopan','30'),('30005','Acula','30'),('30006','Acultzingo','30'),('30007','Camarón de Tejeda','30'),('30008','Alpatláhuac','30'),('30009','Alto Lucero de Gutiérrez Barrios','30'),('30010','Altotonga','30'),('30011','Alvarado','30'),('30012','Amatitlán','30'),('30013','Naranjos Amatlán','30'),('30014','Amatlán de los Reyes','30'),('30015','Angel R. Cabada','30'),('30016','La Antigua','30'),('30017','Apazapan','30'),('30018','Aquila','30'),('30019','Astacinga','30'),('30020','Atlahuilco','30'),('30021','Atoyac','30'),('30022','Atzacan','30'),('30023','Atzalan','30'),('30024','Tlaltetela','30'),('30025','Ayahualulco','30'),('30026','Banderilla','30'),('30027','Benito Juárez','30'),('30028','Boca del Río','30'),('30029','Calcahualco','30'),('30030','Camerino Z. Mendoza','30'),('30031','Carrillo Puerto','30'),('30032','Catemaco','30'),('30033','Cazones de Herrera','30'),('30034','Cerro Azul','30'),('30035','Citlaltépetl','30'),('30036','Coacoatzintla','30'),('30037','Coahuitlán','30'),('30038','Coatepec','30'),('30039','Coatzacoalcos','30'),('30040','Coatzintla','30'),('30041','Coetzala','30'),('30042','Colipa','30'),('30043','Comapa','30'),('30044','Córdoba','30'),('30045','Cosamaloapan de Carpio','30'),('30046','Cosautlán de Carvajal','30'),('30047','Coscomatepec','30'),('30048','Cosoleacaque','30'),('30049','Cotaxtla','30'),('30050','Coxquihui','30'),('30051','Coyutla','30'),('30052','Cuichapa','30'),('30053','Cuitláhuac','30'),('30054','Chacaltianguis','30'),('30055','Chalma','30'),('30056','Chiconamel','30'),('30057','Chiconquiaco','30'),('30058','Chicontepec','30'),('30059','Chinameca','30'),('30060','Chinampa de Gorostiza','30'),('30061','Las Choapas','30'),('30062','Chocamán','30'),('30063','Chontla','30'),('30064','Chumatlán','30'),('30065','Emiliano Zapata','30'),('30066','Espinal','30'),('30067','Filomeno Mata','30'),('30068','Fortín','30'),('30069','Gutiérrez Zamora','30'),('30070','Hidalgotitlán','30'),('30071','Huatusco','30'),('30072','Huayacocotla','30'),('30073','Hueyapan de Ocampo','30'),('30074','Huiloapan de Cuauhtémoc','30'),('30075','Ignacio de la Llave','30'),('30076','Ilamatlán','30'),('30077','Isla','30'),('30078','Ixcatepec','30'),('30079','Ixhuacán de los Reyes','30'),('30080','Ixhuatlán del Café','30'),('30081','Ixhuatlancillo','30'),('30082','Ixhuatlán del Sureste','30'),('30083','Ixhuatlán de Madero','30'),('30084','Ixmatlahuacan','30'),('30085','Ixtaczoquitlán','30'),('30086','Jalacingo','30'),('30087','Xalapa','30'),('30088','Jalcomulco','30'),('30089','Jáltipan','30'),('30090','Jamapa','30'),('30091','Jesús Carranza','30'),('30092','Xico','30'),('30093','Jilotepec','30'),('30094','Juan Rodríguez Clara','30'),('30095','Juchique de Ferrer','30'),('30096','Landero y Coss','30'),('30097','Lerdo de Tejada','30'),('30098','Magdalena','30'),('30099','Maltrata','30'),('30100','Manlio Fabio Altamirano','30'),('30101','Mariano Escobedo','30'),('30102','Martínez de la Torre','30'),('30103','Mecatlán','30'),('30104','Mecayapan','30'),('30105','Medellín de Bravo','30'),('30106','Miahuatlán','30'),('30107','Las Minas','30'),('30108','Minatitlán','30'),('30109','Misantla','30'),('30110','Mixtla de Altamirano','30'),('30111','Moloacán','30'),('30112','Naolinco','30'),('30113','Naranjal','30'),('30114','Nautla','30'),('30115','Nogales','30'),('30116','Oluta','30'),('30117','Omealca','30'),('30118','Orizaba','30'),('30119','Otatitlán','30'),('30120','Oteapan','30'),('30121','Ozuluama de Mascareñas','30'),('30122','Pajapan','30'),('30123','Pánuco','30'),('30124','Papantla','30'),('30125','Paso del Macho','30'),('30126','Paso de Ovejas','30'),('30127','La Perla','30'),('30128','Perote','30'),('30129','Platón Sánchez','30'),('30130','Playa Vicente','30'),('30131','Poza Rica de Hidalgo','30'),('30132','Las Vigas de Ramírez','30'),('30133','Pueblo Viejo','30'),('30134','Puente Nacional','30'),('30135','Rafael Delgado','30'),('30136','Rafael Lucio','30'),('30137','Los Reyes','30'),('30138','Río Blanco','30'),('30139','Saltabarranca','30'),('30140','San Andrés Tenejapan','30'),('30141','San Andrés Tuxtla','30'),('30142','San Juan Evangelista','30'),('30143','Santiago Tuxtla','30'),('30144','Sayula de Alemán','30'),('30145','Soconusco','30'),('30146','Sochiapa','30'),('30147','Soledad Atzompa','30'),('30148','Soledad de Doblado','30'),('30149','Soteapan','30'),('30150','Tamalín','30'),('30151','Tamiahua','30'),('30152','Tampico Alto','30'),('30153','Tancoco','30'),('30154','Tantima','30'),('30155','Tantoyuca','30'),('30156','Tatatila','30'),('30157','Castillo de Teayo','30'),('30158','Tecolutla','30'),('30159','Tehuipango','30'),('30160','Álamo Temapache','30'),('30161','Tempoal','30'),('30162','Tenampa','30'),('30163','Tenochtitlán','30'),('30164','Teocelo','30'),('30165','Tepatlaxco','30'),('30166','Tepetlán','30'),('30167','Tepetzintla','30'),('30168','Tequila','30'),('30169','José Azueta','30'),('30170','Texcatepec','30'),('30171','Texhuacán','30'),('30172','Texistepec','30'),('30173','Tezonapa','30'),('30174','Tierra Blanca','30'),('30175','Tihuatlán','30'),('30176','Tlacojalpan','30'),('30177','Tlacolulan','30'),('30178','Tlacotalpan','30'),('30179','Tlacotepec de Mejía','30'),('30180','Tlachichilco','30'),('30181','Tlalixcoyan','30'),('30182','Tlalnelhuayocan','30'),('30183','Tlapacoyan','30'),('30184','Tlaquilpa','30'),('30185','Tlilapan','30'),('30186','Tomatlán','30'),('30187','Tonayán','30'),('30188','Totutla','30'),('30189','Tuxpan','30'),('30190','Tuxtilla','30'),('30191','Ursulo Galván','30'),('30192','Vega de Alatorre','30'),('30193','Veracruz','30'),('30194','Villa Aldama','30'),('30195','Xoxocotla','30'),('30196','Yanga','30'),('30197','Yecuatla','30'),('30198','Zacualpan','30'),('30199','Zaragoza','30'),('30200','Zentla','30'),('30201','Zongolica','30'),('30202','Zontecomatlán de López y Fuentes','30'),('30203','Zozocolco de Hidalgo','30'),('30204','Agua Dulce','30'),('30205','El Higo','30'),('30206','Nanchital de Lázaro Cárdenas del Río','30'),('30207','Tres Valles','30'),('30208','Carlos A. Carrillo','30'),('30209','Tatahuicapan de Juárez','30'),('30210','Uxpanapa','30'),('30211','San Rafael','30'),('30212','Santiago Sochiapan','30'),('31001','Abalá','31'),('31002','Acanceh','31'),('31003','Akil','31'),('31004','Baca','31'),('31005','Bokobá','31'),('31006','Buctzotz','31'),('31007','Cacalchén','31'),('31008','Calotmul','31'),('31009','Cansahcab','31'),('31010','Cantamayec','31'),('31011','Celestún','31'),('31012','Cenotillo','31'),('31013','Conkal','31'),('31014','Cuncunul','31'),('31015','Cuzamá','31'),('31016','Chacsinkín','31'),('31017','Chankom','31'),('31018','Chapab','31'),('31019','Chemax','31'),('31020','Chicxulub Pueblo','31'),('31021','Chichimilá','31'),('31022','Chikindzonot','31'),('31023','Chocholá','31'),('31024','Chumayel','31'),('31025','Dzán','31'),('31026','Dzemul','31'),('31027','Dzidzantún','31'),('31028','Dzilam de Bravo','31'),('31029','Dzilam González','31'),('31030','Dzitás','31'),('31031','Dzoncauich','31'),('31032','Espita','31'),('31033','Halachó','31'),('31034','Hocabá','31'),('31035','Hoctún','31'),('31036','Homún','31'),('31037','Huhí','31'),('31038','Hunucmá','31'),('31039','Ixil','31'),('31040','Izamal','31'),('31041','Kanasín','31'),('31042','Kantunil','31'),('31043','Kaua','31'),('31044','Kinchil','31'),('31045','Kopomá','31'),('31046','Mama','31'),('31047','Maní','31'),('31048','Maxcanú','31'),('31049','Mayapán','31'),('31050','Mérida','31'),('31051','Mocochá','31'),('31052','Motul','31'),('31053','Muna','31'),('31054','Muxupip','31'),('31055','Opichén','31'),('31056','Oxkutzcab','31'),('31057','Panabá','31'),('31058','Peto','31'),('31059','Progreso','31'),('31060','Quintana Roo','31'),('31061','Río Lagartos','31'),('31062','Sacalum','31'),('31063','Samahil','31'),('31064','Sanahcat','31'),('31065','San Felipe','31'),('31066','Santa Elena','31'),('31067','Seyé','31'),('31068','Sinanché','31'),('31069','Sotuta','31'),('31070','Sucilá','31'),('31071','Sudzal','31'),('31072','Suma','31'),('31073','Tahdziú','31'),('31074','Tahmek','31'),('31075','Teabo','31'),('31076','Tecoh','31'),('31077','Tekal de Venegas','31'),('31078','Tekantó','31'),('31079','Tekax','31'),('31080','Tekit','31'),('31081','Tekom','31'),('31082','Telchac Pueblo','31'),('31083','Telchac Puerto','31'),('31084','Temax','31'),('31085','Temozón','31'),('31086','Tepakán','31'),('31087','Tetiz','31'),('31088','Teya','31'),('31089','Ticul','31'),('31090','Timucuy','31'),('31091','Tinum','31'),('31092','Tixcacalcupul','31'),('31093','Tixkokob','31'),('31094','Tixmehuac','31'),('31095','Tixpéhual','31'),('31096','Tizimín','31'),('31097','Tunkás','31'),('31098','Tzucacab','31'),('31099','Uayma','31'),('31100','Ucú','31'),('31101','Umán','31'),('31102','Valladolid','31'),('31103','Xocchel','31'),('31104','Yaxcabá','31'),('31105','Yaxkukul','31'),('31106','Yobaín','31'),('32001','Apozol','32'),('32002','Apulco','32'),('32003','Atolinga','32'),('32004','Benito Juárez','32'),('32005','Calera','32'),('32006','Cañitas de Felipe Pescador','32'),('32007','Concepción del Oro','32'),('32008','Cuauhtémoc','32'),('32009','Chalchihuites','32'),('32010','Fresnillo','32'),('32011','Trinidad García de la Cadena','32'),('32012','Genaro Codina','32'),('32013','General Enrique Estrada','32'),('32014','General Francisco R. Murguía','32'),('32015','El Plateado de Joaquín Amaro','32'),('32016','General Pánfilo Natera','32'),('32017','Guadalupe','32'),('32018','Huanusco','32'),('32019','Jalpa','32'),('32020','Jerez','32'),('32021','Jiménez del Teul','32'),('32022','Juan Aldama','32'),('32023','Juchipila','32'),('32024','Loreto','32'),('32025','Luis Moya','32'),('32026','Mazapil','32'),('32027','Melchor Ocampo','32'),('32028','Mezquital del Oro','32'),('32029','Miguel Auza','32'),('32030','Momax','32'),('32031','Monte Escobedo','32'),('32032','Morelos','32'),('32033','Moyahua de Estrada','32'),('32034','Nochistlán de Mejía','32'),('32035','Noria de Ángeles','32'),('32036','Ojocaliente','32'),('32037','Pánuco','32'),('32038','Pinos','32'),('32039','Río Grande','32'),('32040','Sain Alto','32'),('32041','El Salvador','32'),('32042','Sombrerete','32'),('32043','Susticacán','32'),('32044','Tabasco','32'),('32045','Tepechitlán','32'),('32046','Tepetongo','32'),('32047','Teúl de González Ortega','32'),('32048','Tlaltenango de Sánchez Román','32'),('32049','Valparaíso','32'),('32050','Vetagrande','32'),('32051','Villa de Cos','32'),('32052','Villa García','32'),('32053','Villa González Ortega','32'),('32054','Villa Hidalgo','32'),('32055','Villanueva','32'),('32056','Zacatecas','32'),('32057','Trancoso','32'),('32058','Santa María de la Paz','32');
/*!40000 ALTER TABLE `municipios` ENABLE KEYS */;
UNLOCK TABLES;

--
-- Table structure for table `pedidos`
--

DROP TABLE IF EXISTS `pedidos`;
/*!40101 SET @saved_cs_client     = @@character_set_client */;
/*!50503 SET character_set_client = utf8mb4 */;
CREATE TABLE `pedidos` (
  `pedido_id` int unsigned NOT NULL AUTO_INCREMENT,
  `proveedor_id` int unsigned NOT NULL,
  `fecha_pedido` date NOT NULL,
  `estatus` enum('Pendiente','Confirmado','En camino','Recibido','Cancelado') NOT NULL DEFAULT 'Pendiente',
  PRIMARY KEY (`pedido_id`),
  KEY `proveedor_id` (`proveedor_id`),
  CONSTRAINT `pedidos_ibfk_1` FOREIGN KEY (`proveedor_id`) REFERENCES `proveedores` (`proveedor_id`) ON DELETE CASCADE ON UPDATE CASCADE
) ENGINE=InnoDB AUTO_INCREMENT=101 DEFAULT CHARSET=utf8mb4 COLLATE=utf8mb4_0900_ai_ci;
/*!40101 SET character_set_client = @saved_cs_client */;

--
-- Dumping data for table `pedidos`
--

LOCK TABLES `pedidos` WRITE;
/*!40000 ALTER TABLE `pedidos` DISABLE KEYS */;
INSERT INTO `pedidos` VALUES (1,5,'2025-10-23','Confirmado'),(2,75,'2025-10-11','Cancelado'),(3,14,'2025-08-28','Pendiente'),(4,20,'2025-09-20','Recibido'),(5,80,'2025-09-27','Cancelado'),(6,60,'2025-09-02','En camino'),(7,28,'2025-10-17','En camino'),(8,62,'2025-10-10','Recibido'),(9,32,'2025-09-27','Recibido'),(10,66,'2025-09-20','Pendiente'),(11,44,'2025-09-09','En camino'),(12,75,'2025-09-07','Confirmado'),(13,18,'2025-09-04','Pendiente'),(14,81,'2025-10-12','Recibido'),(15,6,'2025-09-20','Pendiente'),(16,27,'2025-10-07','Recibido'),(17,31,'2025-10-06','Recibido'),(18,39,'2025-09-07','Confirmado'),(19,59,'2025-10-01','Confirmado'),(20,91,'2025-09-24','Confirmado'),(21,49,'2025-10-03','Recibido'),(22,38,'2025-09-17','Confirmado'),(23,67,'2025-10-17','Recibido'),(24,45,'2025-09-28','Confirmado'),(25,49,'2025-10-05','En camino'),(26,71,'2025-09-13','Recibido'),(27,42,'2025-09-08','Confirmado'),(28,30,'2025-09-05','En camino'),(29,74,'2025-09-25','Pendiente'),(30,43,'2025-10-24','Recibido'),(31,38,'2025-09-10','Cancelado'),(32,80,'2025-08-28','Cancelado'),(33,95,'2025-10-14','Confirmado'),(34,73,'2025-09-03','Cancelado'),(35,51,'2025-10-24','Pendiente'),(36,55,'2025-09-29','Cancelado'),(37,77,'2025-10-22','Confirmado'),(38,67,'2025-10-07','En camino'),(39,47,'2025-10-18','Pendiente'),(40,31,'2025-09-07','Pendiente'),(41,72,'2025-09-11','Confirmado'),(42,6,'2025-09-25','Recibido'),(43,4,'2025-09-02','En camino'),(44,43,'2025-10-16','Cancelado'),(45,26,'2025-10-10','Confirmado'),(46,66,'2025-10-24','Cancelado'),(47,77,'2025-10-16','Recibido'),(48,52,'2025-09-08','Recibido'),(49,64,'2025-09-08','En camino'),(50,17,'2025-09-15','Cancelado'),(51,61,'2025-08-30','Pendiente'),(52,3,'2025-09-21','En camino'),(53,42,'2025-10-18','Pendiente'),(54,76,'2025-09-02','Recibido'),(55,2,'2025-09-01','Pendiente'),(56,7,'2025-10-13','En camino'),(57,55,'2025-09-08','Pendiente'),(58,16,'2025-09-19','Pendiente'),(59,79,'2025-09-13','Recibido'),(60,63,'2025-08-27','Recibido'),(61,87,'2025-10-02','Recibido'),(62,46,'2025-10-05','En camino'),(63,99,'2025-09-04','Cancelado'),(64,96,'2025-10-10','Pendiente'),(65,26,'2025-09-24','Recibido'),(66,85,'2025-08-30','Cancelado'),(67,28,'2025-09-03','Pendiente'),(68,6,'2025-10-06','Confirmado'),(69,46,'2025-09-14','Pendiente'),(70,41,'2025-10-07','Pendiente'),(71,83,'2025-09-03','Pendiente'),(72,37,'2025-09-16','Confirmado'),(73,74,'2025-08-27','Pendiente'),(74,86,'2025-09-12','Recibido'),(75,31,'2025-10-14','Confirmado'),(76,62,'2025-09-18','Confirmado'),(77,60,'2025-09-27','En camino'),(78,2,'2025-10-26','Cancelado'),(79,17,'2025-09-06','En camino'),(80,9,'2025-08-30','Confirmado'),(81,49,'2025-09-10','Confirmado'),(82,35,'2025-08-30','En camino'),(83,60,'2025-09-30','Confirmado'),(84,95,'2025-09-30','En camino'),(85,26,'2025-09-23','Cancelado'),(86,100,'2025-10-18','Confirmado'),(87,49,'2025-08-27','Confirmado'),(88,46,'2025-09-12','Recibido'),(89,23,'2025-09-28','Confirmado'),(90,60,'2025-10-11','Recibido'),(91,19,'2025-09-23','Pendiente'),(92,66,'2025-08-30','En camino'),(93,100,'2025-10-26','Confirmado'),(94,36,'2025-08-27','En camino'),(95,77,'2025-10-10','Confirmado'),(96,67,'2025-09-04','Pendiente'),(97,7,'2025-09-03','Pendiente'),(98,40,'2025-08-27','Recibido'),(99,68,'2025-10-05','En camino'),(100,35,'2025-09-27','Cancelado');
/*!40000 ALTER TABLE `pedidos` ENABLE KEYS */;
UNLOCK TABLES;

--
-- Table structure for table `proveedores`
--

DROP TABLE IF EXISTS `proveedores`;
/*!40101 SET @saved_cs_client     = @@character_set_client */;
/*!50503 SET character_set_client = utf8mb4 */;
CREATE TABLE `proveedores` (
  `proveedor_id` int unsigned NOT NULL AUTO_INCREMENT,
  `nombre` varchar(50) NOT NULL,
  `id_direccion` int unsigned NOT NULL,
  `telefono` char(10) NOT NULL,
  `email` varchar(100) NOT NULL,
  PRIMARY KEY (`proveedor_id`),
  UNIQUE KEY `email` (`email`),
  KEY `id_direccion` (`id_direccion`),
  CONSTRAINT `proveedores_ibfk_1` FOREIGN KEY (`id_direccion`) REFERENCES `direcciones` (`id_direccion`) ON DELETE CASCADE ON UPDATE CASCADE
) ENGINE=InnoDB AUTO_INCREMENT=101 DEFAULT CHARSET=utf8mb4 COLLATE=utf8mb4_0900_ai_ci;
/*!40101 SET character_set_client = @saved_cs_client */;

--
-- Dumping data for table `proveedores`
--

LOCK TABLES `proveedores` WRITE;
/*!40000 ALTER TABLE `proveedores` DISABLE KEYS */;
INSERT INTO `proveedores` VALUES (1,'Calzado Aurora',401,'5538594604','antonio.flores@calzadoaurora.com'),(2,'Pisada Celestial',402,'5529605433','ricardo.torres@pisadacelestial.com'),(3,'Zapatería Los Andes',403,'5588379515','ximena.santos@zapateríalosandes.com'),(4,'Estilo Urbano',404,'5591868828','fernando.lopez@estilourbano.com'),(5,'Camina Libre',405,'5571495932','fernando.lopez@caminalibre.com'),(6,'Suelas Doradas',406,'5510556438','paola.rivera@suelasdoradas.com'),(7,'Andanza Moderna',407,'5555911936','mariana.diaz@andanzamoderna.com'),(8,'Pisada Fina',408,'5599551903','isabel.romero@pisadafina.com'),(9,'Paso de Luna',409,'5573793726','mariana.diaz@pasodeluna.com'),(10,'El Buen Andar',410,'5528541726','julieta.suarez@elbuenandar.com'),(11,'Piel del Sol',411,'5572554077','sebastian.reyes@pieldelsol.com'),(12,'Camino Real',412,'5580966122','mariana.diaz@caminoreal.com'),(13,'Sueño del Cuero',413,'5588884218','camila.ramos@suenodelcuero.com'),(14,'Tierra de Pasos',414,'5538833718','camila.ramos@tierradepasos.com'),(15,'Luz del Andar',415,'5597043055','diego.carrillo@luzdelandar.com'),(16,'Calzado Horizonte',416,'5572802199','isabel.romero@calzadohorizonte.com'),(17,'Pisada del Valle',417,'5564571493','diego.carrillo@pisadadelvalle.com'),(18,'Sueño de Cuero',418,'5522509698','sofia.fernandez@suenodecuero.com'),(19,'Arte en Calzado',419,'5523483170','alejandro.morales@arteencalzado.com'),(20,'Camina con Estilo',420,'5562150801','camila.ramos@caminaconestilo.com'),(21,'Pasos del Norte',421,'5532825251','paola.rivera@pasosdelnorte.com'),(22,'Huella Noble',422,'5548181900','paola.rivera@huellanoble.com'),(23,'Calzado Boreal',423,'5556228945','alejandro.morales@calzadoboreal.com'),(24,'Pisada Serena',424,'5524357470','antonio.flores@pisadaserena.com'),(25,'Camino Verde',425,'5536074835','diego.carrillo@caminoverde.com'),(26,'Pisada Imperial',426,'5543150142','adrian.mendoza@pisadaimperial.com'),(27,'Taller del Cuero',427,'5530577646','sebastian.reyes@tallerdelcuero.com'),(28,'Estilo Nómada',428,'5511725521','antonio.flores@estilonómada.com'),(29,'Andar Fino',429,'5564620058','adrian.mendoza@andarfino.com'),(30,'Calzado Prisma',430,'5545920852','mariana.diaz@calzadoprisma.com'),(31,'Pies Divinos',431,'5574456923','julieta.suarez@piesdivinos.com'),(32,'Zapatería del Sol',432,'5549107166','valeria.mendez@zapateríadelsol.com'),(33,'Paso Firme',433,'5540091331','sebastian.reyes@pasofirme.com'),(34,'Camina Bonito',434,'5504327441','alejandro.morales@caminabonito.com'),(35,'Arte del Andar',435,'5535521754','sebastian.reyes@artedelandar.com'),(36,'Andar de Sol',436,'5596546232','paola.rivera@andardesol.com'),(37,'Calzado Cosmos',437,'5597706911','isabel.romero@calzadocosmos.com'),(38,'Pisada Mística',438,'5559522641','santiago.ortega@pisadamística.com'),(39,'Zapatería Mundo',439,'5599051936','renata.garcia@zapateríamundo.com'),(40,'Huella Suave',440,'5575214148','valeria.mendez@huellasuave.com'),(41,'Pasos de Seda',441,'5537425011','leonardo.vargas@pasosdeseda.com'),(42,'Camina con Arte',442,'5566766542','paola.rivera@caminaconarte.com'),(43,'Sueños del Andar',443,'5540183904','mariana.diaz@suenosdelandar.com'),(44,'Huella Perfecta',444,'5541507670','mateo.gomez@huellaperfecta.com'),(45,'Calzado Elegante',445,'5574920961','sofia.fernandez@calzadoelegante.com'),(46,'Pisada Vital',446,'5547121144','renata.garcia@pisadavital.com'),(47,'Camino Azul',447,'5580791215','ricardo.torres@caminoazul.com'),(48,'Andanza Zen',448,'5559719039','camila.ramos@andanzazen.com'),(49,'Pisada Real',449,'5507035280','renata.garcia@pisadareal.com'),(50,'Calzado de Oro',450,'5564628589','sebastian.reyes@calzadodeoro.com'),(51,'Pasos Firmes',451,'5562112828','natalia.cruz@pasosfirmes.com'),(52,'Tierra de Cuero',452,'5550013205','renata.garcia@tierradecuero.com'),(53,'Camina Zen',453,'5588001431','sebastian.reyes@caminazen.com'),(54,'Calzado Realista',454,'5525085080','mateo.gomez@calzadorealista.com'),(55,'Pisada Noble',455,'5598932689','alejandro.morales@pisadanoble.com'),(56,'Andar con Clase',456,'5592748214','camila.ramos@andarconclase.com'),(57,'Calzado Metáfora',457,'5587938834','julieta.suarez@calzadometáfora.com'),(58,'Ritmo del Andar',458,'5558346791','alejandro.morales@ritmodelandar.com'),(59,'Camino Dorado',459,'5529220485','camila.ramos@caminodorado.com'),(60,'Pisada Suave',460,'5503402983','camila.ramos@pisadasuave.com'),(61,'Zapatería Florencia',461,'5523745425','antonio.flores@zapateríaflorencia.com'),(62,'Camina y Brilla',462,'5593611849','valeria.mendez@caminaybrilla.com'),(63,'Andar Estelar',463,'5537062910','ricardo.torres@andarestelar.com'),(64,'Pisada Rosa',464,'5572647927','isabel.romero@pisadarosa.com'),(65,'Zapatería Monte',465,'5524812384','natalia.cruz@zapateríamonte.com'),(66,'Calzado Supremo',466,'5581062700','adrian.mendoza@calzadosupremo.com'),(67,'Pisada Futura',467,'5534122317','sofia.fernandez@pisadafutura.com'),(68,'Zapatería Viva',468,'5564740958','ricardo.torres@zapateríaviva.com'),(69,'Camina Alegre',469,'5576905115','mateo.gomez@caminaalegre.com'),(70,'Pisada Total',470,'5593005247','paola.rivera@pisadatotal.com'),(71,'Andanza Fina',471,'5595008454','natalia.cruz@andanzafina.com'),(72,'Calzado Prisma MX',472,'5599377429','sebastian.reyes@calzadoprismamx.com'),(73,'Zapatería Horizonte',473,'5576092035','fernando.lopez@zapateríahorizonte.com'),(74,'Pisada Clara',474,'5506138358','santiago.ortega@pisadaclara.com'),(75,'Camina Alto',475,'5542989296','ximena.santos@caminaalto.com'),(76,'Zapatería del Mar',476,'5597508814','mariana.diaz@zapateríadelmar.com'),(77,'Pisada Clara',477,'5516763740','ximena.santos@pisadaclara.com'),(78,'Camina Bella',478,'5589137211','natalia.cruz@caminabella.com'),(79,'Pisada Élite',479,'5558132273','antonio.flores@pisadaélite.com'),(80,'Zapatería del Cielo',480,'5507115808','sebastian.reyes@zapateríadelcielo.com'),(81,'Calzado Arte Puro',481,'5505572673','camila.ramos@calzadoartepuro.com'),(82,'Pisada Original',482,'5586953537','renata.garcia@pisadaoriginal.com'),(83,'Andar Planetario',483,'5582224261','isabel.romero@andarplanetario.com'),(84,'Zapatería Poderosa',484,'5508456372','leonardo.vargas@zapateríapoderosa.com'),(85,'Camino Bello',485,'5531329674','adrian.mendoza@caminobello.com'),(86,'Huella Azul',486,'5592695130','santiago.ortega@huellaazul.com'),(87,'Pisada Dorada',487,'5578301622','ricardo.torres@pisadadorada.com'),(88,'Calzado Nueva Era',488,'5590383464','sebastian.reyes@calzadonuevaera.com'),(89,'Pisada Serena',489,'5554881527','ximena.santos@pisadaserena.com'),(90,'Calzado Majestuoso',490,'5503901535','paola.rivera@calzadomajestuoso.com'),(91,'Pisada del Amanecer',491,'5521825043','alejandro.morales@pisadadelamanecer.com'),(92,'Zapatería Arcoiris',492,'5599810901','julieta.suarez@zapateríaarcoiris.com'),(93,'Calzado Fénix',493,'5519808976','camila.ramos@calzadofénix.com'),(94,'Pisada Estrella',494,'5511143654','leonardo.vargas@pisadaestrella.com'),(95,'Zapatería Centenario',495,'5546608070','camila.ramos@zapateríacentenario.com'),(96,'Pisada Alegre',496,'5589228326','mateo.gomez@pisadaalegre.com'),(97,'Calzado Encanto',497,'5584489170','isabel.romero@calzadoencanto.com'),(98,'Pisada del Valle',498,'5590396647','leonardo.vargas@pisadadelvalle.com'),(99,'Zapatería Luna',499,'5559921477','julieta.suarez@zapateríaluna.com'),(100,'Calzado Brillante',500,'5593582564','ximena.santos@calzadobrillante.com');
/*!40000 ALTER TABLE `proveedores` ENABLE KEYS */;
UNLOCK TABLES;

--
-- Table structure for table `sucursales`
--

DROP TABLE IF EXISTS `sucursales`;
/*!40101 SET @saved_cs_client     = @@character_set_client */;
/*!50503 SET character_set_client = utf8mb4 */;
CREATE TABLE `sucursales` (
  `sucursal_id` int unsigned NOT NULL AUTO_INCREMENT,
  `nombre` varchar(30) NOT NULL,
  `id_direccion` int unsigned NOT NULL,
  `telefono` char(10) NOT NULL,
  PRIMARY KEY (`sucursal_id`),
  UNIQUE KEY `id_direccion` (`id_direccion`),
  CONSTRAINT `sucursales_ibfk_1` FOREIGN KEY (`id_direccion`) REFERENCES `direcciones` (`id_direccion`) ON DELETE CASCADE ON UPDATE CASCADE
) ENGINE=InnoDB AUTO_INCREMENT=3 DEFAULT CHARSET=utf8mb4 COLLATE=utf8mb4_0900_ai_ci;
/*!40101 SET character_set_client = @saved_cs_client */;

--
-- Dumping data for table `sucursales`
--

LOCK TABLES `sucursales` WRITE;
/*!40000 ALTER TABLE `sucursales` DISABLE KEYS */;
INSERT INTO `sucursales` VALUES (1,'Zapata Cerro Acasulco',1,'5515138072'),(2,'Zapata Jardín Central',2,'5558914754');
/*!40000 ALTER TABLE `sucursales` ENABLE KEYS */;
UNLOCK TABLES;

--
-- Table structure for table `tallas`
--

DROP TABLE IF EXISTS `tallas`;
/*!40101 SET @saved_cs_client     = @@character_set_client */;
/*!50503 SET character_set_client = utf8mb4 */;
CREATE TABLE `tallas` (
  `talla_id` int unsigned NOT NULL AUTO_INCREMENT,
  `talla` decimal(3,1) NOT NULL,
  PRIMARY KEY (`talla_id`),
  UNIQUE KEY `talla` (`talla`)
) ENGINE=InnoDB AUTO_INCREMENT=24 DEFAULT CHARSET=utf8mb4 COLLATE=utf8mb4_0900_ai_ci;
/*!40101 SET character_set_client = @saved_cs_client */;

--
-- Dumping data for table `tallas`
--

LOCK TABLES `tallas` WRITE;
/*!40000 ALTER TABLE `tallas` DISABLE KEYS */;
INSERT INTO `tallas` VALUES (1,2.0),(2,2.5),(3,3.0),(4,3.5),(5,4.0),(6,4.5),(7,5.0),(8,5.5),(9,6.0),(10,6.5),(11,7.0),(12,7.5),(13,8.0),(14,8.5),(15,9.0),(16,9.5),(17,10.0),(18,10.5),(19,11.0),(20,11.5),(21,12.0),(22,12.5),(23,13.0);
/*!40000 ALTER TABLE `tallas` ENABLE KEYS */;
UNLOCK TABLES;

--
-- Table structure for table `usuarios`
--

DROP TABLE IF EXISTS `usuarios`;
/*!40101 SET @saved_cs_client     = @@character_set_client */;
/*!50503 SET character_set_client = utf8mb4 */;
CREATE TABLE `usuarios` (
  `id` int unsigned NOT NULL AUTO_INCREMENT,
  `nombre` varchar(30) NOT NULL,
  `contrasena` varchar(64) NOT NULL,
  PRIMARY KEY (`id`),
  UNIQUE KEY `nombre` (`nombre`)
) ENGINE=InnoDB AUTO_INCREMENT=11 DEFAULT CHARSET=utf8mb4 COLLATE=utf8mb4_0900_ai_ci;
/*!40101 SET character_set_client = @saved_cs_client */;

--
-- Dumping data for table `usuarios`
--

LOCK TABLES `usuarios` WRITE;
/*!40000 ALTER TABLE `usuarios` DISABLE KEYS */;
INSERT INTO `usuarios` VALUES (1,'Claudia Sánchez','28df1eaa5b05235f80743b18298e1c4289657a84623b5e072f607deca8ef4ba2'),(2,'Carlos Hernández','864d0f505654b5285b26762c4efe39b73191da37c87682395b22d724f0fa921e'),(3,'Claudia Ortega','4efa714faf6643cfead946c9b347fcfdcedcbcdc5786eab0517d1fe1e5d686cb'),(4,'Ana López','7a29ab206321382ec8deb7bcc4359bf628114061b1c5a3413d716640dcef5c0d'),(5,'Miguel Hernández','ffcdb138916d06de255fa46039f3a9da3865488bcdc6ad6db3a7a9bcf040fe7a'),(6,'María Hernández','c68a04f09c931cda57e038f5b86e5948e3fd030232d460465580c5162311a56e'),(7,'Raúl García','8e3f0f31703c5cebdb687739f4aa997d10835d9391e6c7a3e12f3189de269532'),(8,'Miguel Vargas','d5c5c003a0d4891bae09907917d494643f0303fac98aebb5f032b7498d0715d5'),(9,'Elena Ramírez','d5bcd0e20192c119c382ee25a8f3d42d81efa9982c823a325d9488ed28b9c9cc'),(10,'Raúl Ortega','3644b6545cabfd69fdda5ee2338090dbb650d75f44b20a6ecb249734ee55aef3');
/*!40000 ALTER TABLE `usuarios` ENABLE KEYS */;
UNLOCK TABLES;

--
-- Table structure for table `vendedores`
--

DROP TABLE IF EXISTS `vendedores`;
/*!40101 SET @saved_cs_client     = @@character_set_client */;
/*!50503 SET character_set_client = utf8mb4 */;
CREATE TABLE `vendedores` (
  `vendedor_id` int unsigned NOT NULL AUTO_INCREMENT,
  `nombre` varchar(30) NOT NULL,
  `apellido1` varchar(30) NOT NULL,
  `apellido2` varchar(30) NOT NULL,
  `fecha_nacimiento` date NOT NULL,
  `sueldo` decimal(10,2) NOT NULL,
  `id_direccion` int unsigned NOT NULL,
  `telefono` char(10) NOT NULL,
  `email` varchar(100) NOT NULL,
  `sucursal_id` int unsigned NOT NULL,
  PRIMARY KEY (`vendedor_id`),
  UNIQUE KEY `email` (`email`),
  KEY `id_direccion` (`id_direccion`),
  KEY `sucursal_id` (`sucursal_id`),
  CONSTRAINT `vendedores_ibfk_1` FOREIGN KEY (`id_direccion`) REFERENCES `direcciones` (`id_direccion`),
  CONSTRAINT `vendedores_ibfk_2` FOREIGN KEY (`sucursal_id`) REFERENCES `sucursales` (`sucursal_id`) ON DELETE CASCADE ON UPDATE CASCADE
) ENGINE=InnoDB AUTO_INCREMENT=101 DEFAULT CHARSET=utf8mb4 COLLATE=utf8mb4_0900_ai_ci;
/*!40101 SET character_set_client = @saved_cs_client */;

--
-- Dumping data for table `vendedores`
--

LOCK TABLES `vendedores` WRITE;
/*!40000 ALTER TABLE `vendedores` DISABLE KEYS */;
INSERT INTO `vendedores` VALUES (1,'Mónica','Ruiz','Reyes','1996-06-27',14817.40,301,'5524160682','monica.ruiz6744@gmail.com',2),(2,'Fátima','Flores','Medina','1955-11-01',10191.01,302,'5538633740','fatima.flores4016@gmail.com',2),(3,'Leticia','Ramírez','Cruz','1951-09-22',20320.83,303,'5529197425','leticia.ramirez3494@gmail.com',1),(4,'Diego','Soto','Morales','1979-09-22',28670.48,304,'5593585550','diego.soto9893@gmail.com',1),(5,'María','Pérez','Gómez','1974-01-27',29792.30,305,'5550479185','maria.perez4750@gmail.com',1),(6,'Alejandro','García','Muñoz','1987-04-07',9041.46,306,'5596048701','alejandro.garcia6490@gmail.com',1),(7,'Margarita','Hernández','Flores','1951-01-03',14348.77,307,'5537187253','margarita.hernandez2876@gmail.com',2),(8,'Rafael','Romero','Torres','1955-10-29',26450.96,308,'5560567701','rafael.romero4016@gmail.com',2),(9,'Liliana','Herrera','Romero','1953-01-06',27212.77,309,'5505035604','liliana.herrera2983@gmail.com',2),(10,'Manuel','Juárez','Rodríguez','1970-09-13',15412.11,310,'5539133588','manuel.juarez3626@gmail.com',2),(11,'Andrea','Juárez','Pérez','1954-05-23',22190.31,311,'5580943095','andrea.juarez7898@gmail.com',1),(12,'Carmen','Álvarez','Muñoz','1993-05-04',20427.07,312,'5584923326','carmen.alvarez2774@gmail.com',1),(13,'Adrián','Hernández','Flores','1976-10-18',25662.47,313,'5585986648','adrian.hernandez5580@gmail.com',2),(14,'Luis','Álvarez','Delgado','1996-12-27',19513.70,314,'5552563721','luis.alvarez8020@gmail.com',1),(15,'Andrea','Medina','Rodríguez','1989-10-14',11850.50,315,'5546493714','andrea.medina573@gmail.com',2),(16,'Sergio','Rodríguez','Delgado','1984-12-06',11129.19,316,'5560822524','sergio.rodriguez4578@gmail.com',1),(17,'Silvia','Rodríguez','Soto','1976-11-10',9615.33,317,'5567586737','silvia.rodriguez684@gmail.com',2),(18,'Rubén','Morales','Delgado','1973-10-17',17567.45,318,'5579187219','ruben.morales5762@gmail.com',2),(19,'Enrique','Ramos','Sánchez','1966-12-01',18066.24,319,'5509271651','enrique.ramos868@gmail.com',2),(20,'Sofía','Hernández','Delgado','1955-03-10',24345.65,320,'5581733057','sofia.hernandez7592@gmail.com',1),(21,'Liliana','González','Flores','1983-08-29',27795.33,321,'5503749632','liliana.gonzalez9872@gmail.com',1),(22,'Carolina','Romero','Álvarez','1984-03-02',11586.47,322,'5585906560','carolina.romero305@gmail.com',1),(23,'Francisco','Chávez','González','1988-12-31',15819.69,323,'5563667881','francisco.chavez3576@gmail.com',1),(24,'Ricardo','Cruz','González','1952-04-10',26268.64,324,'5505683132','ricardo.cruz850@gmail.com',1),(25,'Gabriela','Medina','Silva','1995-06-18',26281.53,325,'5543871776','gabriela.medina4534@gmail.com',1),(26,'Andrea','Aguilar','Soto','1985-02-17',22585.90,326,'5515633237','andrea.aguilar4950@gmail.com',1),(27,'María','Juárez','Domínguez','1985-07-12',25545.31,327,'5539743838','maria.juarez1217@gmail.com',2),(28,'Carolina','Vargas','Romero','1997-04-16',23398.28,328,'5576404047','carolina.vargas2947@gmail.com',2),(29,'Juan','Delgado','Pérez','1992-03-12',15518.17,329,'5570685809','juan.delgado3381@gmail.com',1),(30,'Gabriela','Juárez','Castillo','1985-03-17',29520.01,330,'5572722046','gabriela.juarez6978@gmail.com',2),(31,'Eduardo','Ortiz','Sánchez','1957-05-24',20711.13,331,'5516084710','eduardo.ortiz8194@gmail.com',1),(32,'Rebeca','Torres','Ruiz','1997-05-22',9639.86,332,'5594097994','rebeca.torres7810@gmail.com',2),(33,'Fátima','Ruiz','Hernández','1988-04-16',15864.06,333,'5554547330','fatima.ruiz3353@gmail.com',1),(34,'Claudia','Reyes','Domínguez','1953-11-04',9932.40,334,'5516340136','claudia.reyes844@gmail.com',2),(35,'Margarita','Ruiz','García','1986-09-07',22375.52,335,'5591291123','margarita.ruiz4370@gmail.com',1),(36,'Leticia','Flores','Jiménez','1976-01-09',28469.94,336,'5512477959','leticia.flores7838@gmail.com',1),(37,'Emilio','Jiménez','Pérez','1994-02-22',20835.63,337,'5539717272','emilio.jimenez3650@gmail.com',2),(38,'Arturo','Hernández','Cruz','1956-08-28',26754.39,338,'5532305157','arturo.hernandez9023@gmail.com',1),(39,'Hugo','Álvarez','García','2002-07-24',23490.76,339,'5590994759','hugo.alvarez3350@gmail.com',2),(40,'Iván','Domínguez','Vázquez','1962-05-29',14041.92,340,'5521528959','ivan.dominguez2562@gmail.com',2),(41,'Leticia','Sánchez','Mendoza','1987-09-09',27641.83,341,'5596206099','leticia.sanchez8058@gmail.com',1),(42,'Roberto','Torres','Hernández','1976-08-14',22950.90,342,'5591092134','roberto.torres4685@gmail.com',2),(43,'Beatriz','Ortiz','Díaz','1998-12-19',21106.42,343,'5593068556','beatriz.ortiz7575@gmail.com',1),(44,'Teresa','Álvarez','Ortiz','1981-05-11',12279.49,344,'5573401068','teresa.alvarez5697@gmail.com',1),(45,'Patricia','Herrera','Ruiz','1970-12-20',25114.57,345,'5535141001','patricia.herrera2338@gmail.com',1),(46,'Andrés','Flores','Reyes','1969-02-16',14984.66,346,'5582203242','andres.flores8867@gmail.com',1),(47,'Adrián','Silva','Ramos','1953-11-07',29063.19,347,'5551871282','adrian.silva1331@gmail.com',2),(48,'Carlos','Mendoza','Moreno','1970-04-30',19412.62,348,'5551176490','carlos.mendoza4215@gmail.com',2),(49,'Jorge','López','Vázquez','1991-09-12',24389.00,349,'5573568839','jorge.lopez83@gmail.com',1),(50,'Luis','Gómez','Soto','1988-04-27',25742.52,350,'5555149104','luis.gomez5090@gmail.com',1),(51,'Francisco','López','Ruiz','1980-08-02',22185.27,351,'5523455013','francisco.lopez2824@gmail.com',2),(52,'José','Morales','Ramírez','1967-08-01',20609.34,352,'5541934254','jose.morales9632@gmail.com',1),(53,'Valeria','Domínguez','Álvarez','1968-09-22',10243.92,353,'5591024309','valeria.dominguez343@gmail.com',2),(54,'Andrea','Álvarez','Moreno','2004-12-14',22911.43,354,'5508222003','andrea.alvarez4141@gmail.com',1),(55,'Fernando','Delgado','Rodríguez','1986-06-04',10493.31,355,'5587221925','fernando.delgado8577@gmail.com',2),(56,'Rebeca','Hernández','Pérez','1989-06-07',19113.52,356,'5570989167','rebeca.hernandez7306@gmail.com',2),(57,'Fátima','Jiménez','Martínez','1984-04-29',27787.35,357,'5550231247','fatima.jimenez4188@gmail.com',2),(58,'Alejandro','Vázquez','Díaz','1954-08-30',19760.28,358,'5534978392','alejandro.vazquez5046@gmail.com',1),(59,'Carlos','Ruiz','Reyes','1996-09-30',15725.66,359,'5523776328','carlos.ruiz4625@gmail.com',1),(60,'Marco','Flores','Chávez','1979-12-23',26697.72,360,'5550343971','marco.flores9080@gmail.com',2),(61,'Claudia','Medina','García','1986-06-06',28796.08,361,'5588039490','claudia.medina703@gmail.com',1),(62,'María','Juárez','Muñoz','1993-09-20',23199.70,362,'5574707751','maria.juarez7407@gmail.com',2),(63,'Mónica','Álvarez','López','1991-06-03',16351.54,363,'5553501139','monica.alvarez4899@gmail.com',2),(64,'Arturo','Reyes','Silva','1983-12-13',27586.73,364,'5575805669','arturo.reyes5646@gmail.com',2),(65,'Teresa','Juárez','Soto','1969-08-10',12335.61,365,'5506293329','teresa.juarez5479@gmail.com',2),(66,'Miguel','Martínez','Aguilar','1998-02-14',21213.98,366,'5513796022','miguel.martinez3945@gmail.com',1),(67,'Iván','Reyes','Álvarez','1962-09-19',25362.71,367,'5555921888','ivan.reyes5066@gmail.com',1),(68,'Alejandra','Hernández','Cruz','1971-03-26',17044.18,368,'5523524307','alejandra.hernandez6044@gmail.com',2),(69,'Carolina','Silva','Flores','1994-09-13',18673.31,369,'5532577543','carolina.silva5938@gmail.com',1),(70,'Iván','Torres','Gómez','1986-11-16',27868.88,370,'5528166714','ivan.torres9293@gmail.com',1),(71,'Antonio','Torres','Aguilar','1983-02-22',29281.23,371,'5572421554','antonio.torres2430@gmail.com',2),(72,'Juana','Morales','Pérez','1981-03-18',24261.90,372,'5572219786','juana.morales837@gmail.com',2),(73,'Eduardo','Castillo','Martínez','1956-07-23',15733.10,373,'5534335359','eduardo.castillo5281@gmail.com',2),(74,'Silvia','Ramírez','Medina','1953-04-06',23664.44,374,'5520090423','silvia.ramirez391@gmail.com',2),(75,'Ricardo','Sánchez','López','1982-06-05',29508.33,375,'5528057333','ricardo.sanchez982@gmail.com',2),(76,'Beatriz','Mendoza','Moreno','1988-06-04',25570.51,376,'5537563065','beatriz.mendoza6267@gmail.com',2),(77,'Raúl','Flores','Vázquez','2003-06-20',14981.91,377,'5518126146','raul.flores7194@gmail.com',2),(78,'Hugo','Vázquez','García','2006-09-06',21675.23,378,'5553057176','hugo.vazquez987@gmail.com',2),(79,'Patricia','Cruz','Martínez','1977-08-17',24918.87,379,'5559757712','patricia.cruz5963@gmail.com',1),(80,'Guadalupe','Díaz','Aguilar','1952-07-28',9350.07,380,'5585288542','guadalupe.diaz6656@gmail.com',2),(81,'Liliana','Reyes','Mendoza','1951-03-30',10807.86,381,'5508663601','liliana.reyes1151@gmail.com',2),(82,'Patricia','Domínguez','Silva','1976-11-03',19568.72,382,'5523091849','patricia.dominguez5153@gmail.com',2),(83,'Juan','Vargas','González','2002-02-13',23663.25,383,'5503247031','juan.vargas5736@gmail.com',1),(84,'Paola','Medina','Flores','2005-10-26',18738.78,384,'5515948549','paola.medina1086@gmail.com',1),(85,'Laura','Romero','Álvarez','1952-05-29',12234.86,385,'5552540515','laura.romero5104@gmail.com',1),(86,'Guadalupe','Flores','Domínguez','1951-11-24',26872.86,386,'5562897438','guadalupe.flores4218@gmail.com',2),(87,'Eduardo','Silva','Jiménez','1979-10-16',25819.70,387,'5596142335','eduardo.silva7411@gmail.com',1),(88,'Francisco','Cruz','Silva','2001-05-17',16229.69,388,'5567966074','francisco.cruz9637@gmail.com',2),(89,'Fátima','Delgado','Herrera','1973-03-09',26654.40,389,'5588131255','fatima.delgado6737@gmail.com',1),(90,'Iván','Silva','Ruiz','1990-10-02',21614.60,390,'5563581658','ivan.silva1850@gmail.com',1),(91,'José','Pérez','Delgado','2006-05-06',15576.82,391,'5533700971','jose.perez2938@gmail.com',2),(92,'Alejandra','Pérez','Silva','1997-10-10',13651.72,392,'5510498730','alejandra.perez8764@gmail.com',1),(93,'Alberto','Cruz','Domínguez','1971-02-19',13665.21,393,'5525987857','alberto.cruz2782@gmail.com',1),(94,'Armando','Herrera','Cruz','1967-11-06',9296.66,394,'5541337190','armando.herrera1544@gmail.com',2),(95,'Daniela','Reyes','Herrera','2005-10-03',29283.88,395,'5563522517','daniela.reyes2631@gmail.com',1),(96,'Marco','Hernández','Rodríguez','1989-12-16',24477.18,396,'5529927322','marco.hernandez3057@gmail.com',1),(97,'Manuel','Romero','Ramírez','1956-06-29',13044.58,397,'5580525192','manuel.romero7402@gmail.com',1),(98,'Claudia','Silva','Ramírez','1998-04-01',14367.53,398,'5505651571','claudia.silva7939@gmail.com',2),(99,'Sofía','Morales','Silva','1975-08-23',26583.71,399,'5553224099','sofia.morales7024@gmail.com',2),(100,'Liliana','Morales','Vargas','1996-02-23',27811.70,400,'5527143208','liliana.morales6753@gmail.com',1);
/*!40000 ALTER TABLE `vendedores` ENABLE KEYS */;
UNLOCK TABLES;

--
-- Table structure for table `ventas`
--

DROP TABLE IF EXISTS `ventas`;
/*!40101 SET @saved_cs_client     = @@character_set_client */;
/*!50503 SET character_set_client = utf8mb4 */;
CREATE TABLE `ventas` (
  `venta_id` int unsigned NOT NULL AUTO_INCREMENT,
  `fecha` date NOT NULL,
  `hora` time NOT NULL,
  `total` decimal(10,2) DEFAULT NULL,
  `cliente_id` int unsigned NOT NULL,
  `vendedor_id` int unsigned NOT NULL,
  PRIMARY KEY (`venta_id`),
  KEY `cliente_id` (`cliente_id`),
  KEY `vendedor_id` (`vendedor_id`),
  CONSTRAINT `ventas_ibfk_1` FOREIGN KEY (`cliente_id`) REFERENCES `clientes` (`cliente_id`),
  CONSTRAINT `ventas_ibfk_2` FOREIGN KEY (`vendedor_id`) REFERENCES `vendedores` (`vendedor_id`) ON DELETE CASCADE ON UPDATE CASCADE
) ENGINE=InnoDB AUTO_INCREMENT=101 DEFAULT CHARSET=utf8mb4 COLLATE=utf8mb4_0900_ai_ci;
/*!40101 SET character_set_client = @saved_cs_client */;

--
-- Dumping data for table `ventas`
--

LOCK TABLES `ventas` WRITE;
/*!40000 ALTER TABLE `ventas` DISABLE KEYS */;
INSERT INTO `ventas` VALUES (1,'2024-04-04','13:32:15',36307.05,81,56),(2,'2025-04-27','13:16:58',44237.45,177,66),(3,'2024-09-11','17:17:10',68720.50,125,69),(4,'2024-04-03','14:37:09',106637.49,37,75),(5,'2024-01-12','15:50:35',71165.28,183,34),(6,'2024-07-30','15:00:54',23309.91,161,92),(7,'2024-12-07','09:53:21',95961.99,169,78),(8,'2023-11-09','10:07:16',32246.86,137,22),(9,'2025-02-07','18:08:46',85303.73,80,47),(10,'2025-08-07','13:25:12',9244.73,216,75),(11,'2024-12-30','11:48:24',43866.85,80,10),(12,'2024-09-15','11:12:29',64459.25,82,67),(13,'2024-09-16','13:12:40',37068.25,243,71),(14,'2024-08-19','16:51:40',92916.85,139,10),(15,'2024-05-12','17:09:45',27436.08,147,60),(16,'2024-06-11','15:00:05',41172.37,1,51),(17,'2025-07-24','11:10:00',9107.60,121,90),(18,'2025-05-29','09:59:41',27773.72,52,44),(19,'2025-04-14','17:53:19',20336.52,7,18),(20,'2025-06-27','18:42:22',84988.51,62,34),(21,'2024-08-22','11:46:37',5305.42,235,73),(22,'2024-10-04','10:44:56',55179.80,66,94),(23,'2025-10-08','09:47:25',36599.22,185,51),(24,'2024-08-31','08:17:19',68695.78,99,54),(25,'2023-11-30','11:36:05',22189.68,117,98),(26,'2024-08-08','17:42:34',17111.96,200,41),(27,'2024-08-11','08:13:55',18261.05,116,25),(28,'2025-03-02','15:03:26',60287.70,98,60),(29,'2024-02-05','11:17:24',68391.15,163,14),(30,'2024-12-28','18:04:42',29706.05,168,25),(31,'2025-04-20','08:13:37',24378.12,149,56),(32,'2024-11-21','08:44:07',95294.06,47,71),(33,'2024-08-13','13:06:04',37916.85,100,47),(34,'2025-07-24','18:35:13',63568.99,282,73),(35,'2025-06-17','10:17:20',47928.66,76,92),(36,'2023-12-25','12:18:45',40789.85,115,32),(37,'2024-07-19','10:21:02',43496.41,176,58),(38,'2025-05-07','18:29:31',48064.05,1,11),(39,'2025-05-31','18:04:25',44426.15,46,48),(40,'2025-09-27','14:27:40',40241.24,127,22),(41,'2025-04-03','11:05:11',18091.88,4,73),(42,'2025-08-21','09:30:30',25238.20,11,11),(43,'2024-10-08','14:30:28',25252.07,268,2),(44,'2024-08-29','12:55:59',85166.03,83,80),(45,'2024-07-07','16:41:04',41200.97,160,77),(46,'2025-02-02','11:07:17',52056.45,163,58),(47,'2024-05-24','10:35:23',31605.86,178,38),(48,'2025-01-31','11:05:25',30362.35,119,93),(49,'2024-06-28','08:52:27',44262.97,172,43),(50,'2025-05-15','09:56:34',39701.18,83,89),(51,'2023-11-22','18:54:52',27915.26,229,10),(52,'2024-02-12','09:39:48',8961.78,201,96),(53,'2025-01-18','13:38:10',26279.53,155,46),(54,'2025-01-31','11:53:57',61280.85,7,35),(55,'2024-04-16','14:00:39',37800.48,158,5),(56,'2023-12-29','11:57:18',63477.21,112,73),(57,'2024-10-17','12:52:01',51276.65,45,36),(58,'2025-05-20','08:03:07',67822.18,89,61),(59,'2025-05-18','09:06:42',59523.98,275,37),(60,'2024-03-25','16:56:46',55806.13,295,8),(61,'2024-10-02','09:37:41',48029.28,108,62),(62,'2024-12-16','08:36:11',71454.68,43,78),(63,'2024-10-28','08:45:03',34386.80,250,8),(64,'2024-07-30','18:55:15',28185.68,213,13),(65,'2024-11-21','11:07:33',36172.69,31,38),(66,'2025-06-22','11:01:21',20348.39,128,36),(67,'2024-02-22','09:38:21',7486.84,196,54),(68,'2024-01-27','10:27:00',52246.75,220,85),(69,'2024-07-25','13:52:12',24908.29,37,85),(70,'2025-05-02','18:41:56',26768.21,271,64),(71,'2024-10-17','13:54:06',15394.51,121,3),(72,'2025-10-17','12:28:21',64241.51,112,75),(73,'2024-06-15','16:56:57',24672.08,196,24),(74,'2025-05-15','11:22:50',5576.90,251,8),(75,'2025-08-09','10:17:05',8798.02,62,37),(76,'2023-11-17','18:36:52',10576.27,69,41),(77,'2025-05-02','13:02:45',55872.69,49,10),(78,'2024-11-20','12:20:15',75732.64,282,28),(79,'2024-07-26','11:19:54',41982.46,163,14),(80,'2023-11-21','16:32:35',6915.60,66,36),(81,'2025-05-28','09:47:03',38325.06,161,8),(82,'2024-01-04','08:06:22',50814.82,160,78),(83,'2025-10-09','18:33:58',5525.42,138,38),(84,'2024-12-31','10:47:54',49242.24,134,14),(85,'2025-10-19','10:28:37',13848.03,71,44),(86,'2025-10-20','15:10:24',2076.20,20,70),(87,'2025-10-06','18:00:51',77913.00,263,87),(88,'2024-12-06','15:10:30',26696.93,240,63),(89,'2025-01-22','16:01:11',17399.08,292,17),(90,'2024-11-07','18:10:36',60697.37,174,95),(91,'2024-05-14','10:22:42',24979.74,36,52),(92,'2024-11-08','08:50:31',42006.64,95,11),(93,'2024-03-31','15:27:28',57693.76,221,55),(94,'2023-11-21','13:40:32',16344.40,263,100),(95,'2024-03-25','13:14:51',58832.65,128,30),(96,'2023-11-27','10:19:35',50048.34,42,23),(97,'2024-04-07','17:16:33',71550.85,33,92),(98,'2024-06-27','16:38:06',36902.06,64,61),(99,'2024-12-18','16:22:15',46347.65,247,44),(100,'2024-04-27','12:19:45',30103.56,158,55);
/*!40000 ALTER TABLE `ventas` ENABLE KEYS */;
UNLOCK TABLES;
/*!40103 SET TIME_ZONE=@OLD_TIME_ZONE */;

/*!40101 SET SQL_MODE=@OLD_SQL_MODE */;
/*!40014 SET FOREIGN_KEY_CHECKS=@OLD_FOREIGN_KEY_CHECKS */;
/*!40014 SET UNIQUE_CHECKS=@OLD_UNIQUE_CHECKS */;
/*!40101 SET CHARACTER_SET_CLIENT=@OLD_CHARACTER_SET_CLIENT */;
/*!40101 SET CHARACTER_SET_RESULTS=@OLD_CHARACTER_SET_RESULTS */;
/*!40101 SET COLLATION_CONNECTION=@OLD_COLLATION_CONNECTION */;
/*!40111 SET SQL_NOTES=@OLD_SQL_NOTES */;

-- Dump completed on 2025-11-28 15:38:36
